Oligo_ID,Scaled,Predictions,Correlation,Model,n_trials,Feature_set,Param_space,random_state
CD33_NM_001772.4_26,0.9665840012569148,0.4993394156728607,0.4843144584689526,XGBoostRegressor,50,Featset1,Original,297
CD33_NM_001772.4_208,1.101992713629745,0.32480771112153084,0.4843144584689526,XGBoostRegressor,50,Featset1,Original,297
CD33_NM_001772.4_258,0.0855392002724688,0.36828963973808493,0.4843144584689526,XGBoostRegressor,50,Featset1,Original,297
CD33_NM_001772.4_267,0.5667141881187301,0.2791183072004724,0.4843144584689526,XGBoostRegressor,50,Featset1,Original,297
CD33_NM_001772.4_268,0.6583997693901764,0.2482043287058488,0.4843144584689526,XGBoostRegressor,50,Featset1,Original,297
CD33_NM_001772.4_323,0.740889236162732,0.7568316251788838,0.4843144584689526,XGBoostRegressor,50,Featset1,Original,297
CD33_NM_001772.4_378,0.0296308776467462,0.29429538086545903,0.4843144584689526,XGBoostRegressor,50,Featset1,Original,297
CD33_NM_001772.4_379,0.2083079878923905,0.26304538086545914,0.4843144584689526,XGBoostRegressor,50,Featset1,Original,297
CD33_NM_001772.4_404,0.5206976999715314,0.46039345665349896,0.4843144584689526,XGBoostRegressor,50,Featset1,Original,297
CD33_NM_001772.4_452,1.0079103050038405,0.377424657735936,0.4843144584689526,XGBoostRegressor,50,Featset1,Original,297
CD33_NM_001772.4_509,0.47296104336451,0.34461103341639054,0.4843144584689526,XGBoostRegressor,50,Featset1,Original,297
CD33_NM_001772.4_538,0.8829922576113727,0.6271477451293203,0.4843144584689526,XGBoostRegressor,50,Featset1,Original,297
CD33_NM_001772.4_615,0.5653242849888491,0.4499813645352063,0.4843144584689526,XGBoostRegressor,50,Featset1,Original,297
CD33_NM_001772.4_700,0.5806203765235016,0.3991503414566061,0.4843144584689526,XGBoostRegressor,50,Featset1,Original,297
CD33_NM_001772.4_703,0.6535837046398814,0.6360990356541861,0.4843144584689526,XGBoostRegressor,50,Featset1,Original,297
CD33_NM_001772.4_774,0.6726803877097869,0.2137130273782013,0.4843144584689526,XGBoostRegressor,50,Featset1,Original,297
CD33_NM_001772.4_845,0.3349421292595975,0.4252025003008842,0.4843144584689526,XGBoostRegressor,50,Featset1,Original,297
CD33_NM_001772.4_851,0.1104496049792572,0.4290587656571495,0.4843144584689526,XGBoostRegressor,50,Featset1,Original,297
CD33_NM_001772.4_857,0.3538566125339397,0.3190995686965984,0.4843144584689526,XGBoostRegressor,50,Featset1,Original,297
CD33_NM_001772.4_892,0.682840692741016,0.32988029918173145,0.4843144584689526,XGBoostRegressor,50,Featset1,Original,297
CD33_NM_001772.4_902,0.9818222994812034,0.4324047316616186,0.4843144584689526,XGBoostRegressor,50,Featset1,Original,297
CD33_NM_001772.4_908,0.6652827651051514,0.28534882054162997,0.4843144584689526,XGBoostRegressor,50,Featset1,Original,297
CD33_NM_001772.4_961,0.4158905903044033,0.44607391072850655,0.4843144584689526,XGBoostRegressor,50,Featset1,Original,297
CD33_NM_001772.4_1036,0.1817238717722582,0.22842748255755607,0.4843144584689526,XGBoostRegressor,50,Featset1,Original,297
CD33_NM_001772.4_1056,0.3154911723457608,0.27766610037671857,0.4843144584689526,XGBoostRegressor,50,Featset1,Original,297
CD33_NM_001772.4_1061,0.6263195416605771,0.5557800216248047,0.4843144584689526,XGBoostRegressor,50,Featset1,Original,297
CD33_NM_001772.4_1062,0.0643746943931165,0.5857951731399562,0.4843144584689526,XGBoostRegressor,50,Featset1,Original,297
CD33_NM_001772.4_1063,0.0805117941071093,0.6246840620288451,0.4843144584689526,XGBoostRegressor,50,Featset1,Original,297
CD33_NM_001772.4_1065,0.2844591215444274,0.25953433422353067,0.4843144584689526,XGBoostRegressor,50,Featset1,Original,297
CD33_NM_001772.4_1070,0.0793453148666703,0.2767463106974398,0.4843144584689526,XGBoostRegressor,50,Featset1,Original,297
CD33_NM_001772.4_1071,0.09803288598035,0.30850375396958907,0.4843144584689526,XGBoostRegressor,50,Featset1,Original,297
CD33_NM_001772.4_1072,0.3112751571165079,0.4335103339647274,0.4843144584689526,XGBoostRegressor,50,Featset1,Original,297
CD33_NM_001772.4_1094,0.8287904879333721,0.5666443563374253,0.4843144584689526,XGBoostRegressor,50,Featset1,Original,297
CD33_NM_001772.4_1104,0.4596049623227996,0.5029561256721374,0.4843144584689526,XGBoostRegressor,50,Featset1,Original,297
CD33_NM_001772.4_1122,0.9911646460162928,0.7417279849023368,0.4843144584689526,XGBoostRegressor,50,Featset1,Original,297
CD33_NM_001772.4_1123,0.0951495251336486,0.7655916212659731,0.4843144584689526,XGBoostRegressor,50,Featset1,Original,297
CD33_NM_001772.4_1170,0.7210792882332397,0.6977775448577329,0.4843144584689526,XGBoostRegressor,50,Featset1,Original,297
CD33_NM_001772.4_1224,0.2919066891795149,0.2600285850085539,0.4843144584689526,XGBoostRegressor,50,Featset1,Original,297
CD33_NM_001772.4_1225,0.2674744424142982,0.22062641109551046,0.4843144584689526,XGBoostRegressor,50,Featset1,Original,297
CD33_NM_001772.4_1227,0.2112364651459487,0.24460541573548927,0.4843144584689526,XGBoostRegressor,50,Featset1,Original,297
CD33_NM_001772.4_1229,0.277066205540823,0.20808139527059172,0.4843144584689526,XGBoostRegressor,50,Featset1,Original,297
CD33_NM_001772.4_1232,0.1220406977081844,0.20808139527059172,0.4843144584689526,XGBoostRegressor,50,Featset1,Original,297
CD33_NM_001772.4_1234,0.1082327082832445,0.19308139527059176,0.4843144584689526,XGBoostRegressor,50,Featset1,Original,297
CD33_NM_001772.4_1235,0.1359927797529909,0.16777836496756143,0.4843144584689526,XGBoostRegressor,50,Featset1,Original,297
CD33_NM_001772.4_1240,0.0893901009525862,0.1637318017746568,0.4843144584689526,XGBoostRegressor,50,Featset1,Original,297
CD33_NM_001772.4_1241,0.1045573740016243,0.1637318017746568,0.4843144584689526,XGBoostRegressor,50,Featset1,Original,297
CD33_NM_001772.4_1245,0.0903470695760183,0.14860942415227915,0.4843144584689526,XGBoostRegressor,50,Featset1,Original,297
CD33_NM_001772.4_1246,0.0160847540447047,0.14860942415227915,0.4843144584689526,XGBoostRegressor,50,Featset1,Original,297
CD33_NM_001772.4_1269,0.145412221281605,0.2929125994440128,0.4843144584689526,XGBoostRegressor,50,Featset1,Original,297
CD33_NM_001772.4_1284,0.0573358046264512,0.20479760347221115,0.4843144584689526,XGBoostRegressor,50,Featset1,Original,297
CD33_NM_001772.4_1287,0.1191240887575731,0.22635972561171985,0.4843144584689526,XGBoostRegressor,50,Featset1,Original,297
CD33_NM_001772.4_1291,0.2357716037041677,0.21281146310239726,0.4843144584689526,XGBoostRegressor,50,Featset1,Original,297
CD33_NM_001772.4_1297,0.0668668977778972,0.14860942415227915,0.4843144584689526,XGBoostRegressor,50,Featset1,Original,297
CD33_NM_001772.4_1302,0.0615389321702818,0.14860942415227915,0.4843144584689526,XGBoostRegressor,50,Featset1,Original,297
CD33_NM_001772.4_1303,0.0429543333936887,0.14860942415227915,0.4843144584689526,XGBoostRegressor,50,Featset1,Original,297
CD33_NM_001772.4_1308,0.0984376437302756,0.15192716497001996,0.4843144584689526,XGBoostRegressor,50,Featset1,Original,297
CD33_NM_001772.4_1341,0.1582753835005934,0.2565794504616757,0.4843144584689526,XGBoostRegressor,50,Featset1,Original,297
CD33_NM_001772.4_1342,0.1455254935525228,0.32021576417861936,0.4843144584689526,XGBoostRegressor,50,Featset1,Original,297
CD33_NM_001772.4_1349,0.2372747849648072,0.3775944716983231,0.4843144584689526,XGBoostRegressor,50,Featset1,Original,297
CD33_NM_001772.4_1350,0.1581131815027904,0.37158226356747087,0.4843144584689526,XGBoostRegressor,50,Featset1,Original,297
CD33_NM_001772.4_1353,0.0812350460884455,0.3871833021564225,0.4843144584689526,XGBoostRegressor,50,Featset1,Original,297
CD33_NM_001772.4_1354,0.0428327408384395,0.3590721910453113,0.4843144584689526,XGBoostRegressor,50,Featset1,Original,297
CD33_NM_001772.4_1355,0.2342663903427095,0.3721833021564224,0.4843144584689526,XGBoostRegressor,50,Featset1,Original,297
CD33_NM_001772.4_1356,0.2529066333043833,0.3721833021564224,0.4843144584689526,XGBoostRegressor,50,Featset1,Original,297
CD33_NM_001772.4_1357,0.1153213609657062,0.3086086380951393,0.4843144584689526,XGBoostRegressor,50,Featset1,Original,297
CD33_NM_001772.4_1415,0.0847351396523201,0.4092090121206076,0.4843144584689526,XGBoostRegressor,50,Featset1,Original,297
CD33_NM_001772.4_1421,0.626045182542512,0.3960979010094965,0.4843144584689526,XGBoostRegressor,50,Featset1,Original,297
CD33_NM_001772.4_130,0.0553639777265487,0.24119963605739575,0.3423628261897494,XGBoostRegressor,50,Featset1,Original,550
CD33_NM_001772.4_208,1.101992713629745,0.43775018493161016,0.3423628261897494,XGBoostRegressor,50,Featset1,Original,550
CD33_NM_001772.4_209,0.7816256178592933,0.4206694395899952,0.3423628261897494,XGBoostRegressor,50,Featset1,Original,550
CD33_NM_001772.4_217,1.0176052147689862,0.9135911508350895,0.3423628261897494,XGBoostRegressor,50,Featset1,Original,550
CD33_NM_001772.4_258,0.0855392002724688,0.37272250443851085,0.3423628261897494,XGBoostRegressor,50,Featset1,Original,550
CD33_NM_001772.4_260,0.8844371002517712,0.3908809114409508,0.3423628261897494,XGBoostRegressor,50,Featset1,Original,550
CD33_NM_001772.4_269,0.5799273481640077,0.2875839473961411,0.3423628261897494,XGBoostRegressor,50,Featset1,Original,550
CD33_NM_001772.4_325,0.850872525651126,0.83789245929314,0.3423628261897494,XGBoostRegressor,50,Featset1,Original,550
CD33_NM_001772.4_375,0.5933147651631947,0.1439003097047262,0.3423628261897494,XGBoostRegressor,50,Featset1,Original,550
CD33_NM_001772.4_376,0.793403818976969,0.23723898489188114,0.3423628261897494,XGBoostRegressor,50,Featset1,Original,550
CD33_NM_001772.4_378,0.0296308776467462,0.23995637619622903,0.3423628261897494,XGBoostRegressor,50,Featset1,Original,550
CD33_NM_001772.4_381,0.3603032995657897,0.2857186659426588,0.3423628261897494,XGBoostRegressor,50,Featset1,Original,550
CD33_NM_001772.4_382,0.2976307142355531,0.32373490218543965,0.3423628261897494,XGBoostRegressor,50,Featset1,Original,550
CD33_NM_001772.4_401,0.1388179985713601,0.2786415057349991,0.3423628261897494,XGBoostRegressor,50,Featset1,Original,550
CD33_NM_001772.4_406,0.7190898834199679,0.25173106509259296,0.3423628261897494,XGBoostRegressor,50,Featset1,Original,550
CD33_NM_001772.4_407,0.4250386980587612,0.26912236944041906,0.3423628261897494,XGBoostRegressor,50,Featset1,Original,550
CD33_NM_001772.4_411,0.6231672666942134,0.2514930142700013,0.3423628261897494,XGBoostRegressor,50,Featset1,Original,550
CD33_NM_001772.4_412,0.251332179778546,0.24261989980682475,0.3423628261897494,XGBoostRegressor,50,Featset1,Original,550
CD33_NM_001772.4_413,0.5430984046710963,0.1953486074817988,0.3423628261897494,XGBoostRegressor,50,Featset1,Original,550
CD33_NM_001772.4_449,0.342952151114346,0.6011172367058915,0.3423628261897494,XGBoostRegressor,50,Featset1,Original,550
CD33_NM_001772.4_453,0.2664003316696924,0.7395861252134075,0.3423628261897494,XGBoostRegressor,50,Featset1,Original,550
CD33_NM_001772.4_509,0.47296104336451,0.2544202003747113,0.3423628261897494,XGBoostRegressor,50,Featset1,Original,550
CD33_NM_001772.4_541,0.6997602061343999,0.8905331633076977,0.3423628261897494,XGBoostRegressor,50,Featset1,Original,550
CD33_NM_001772.4_612,1.001899976348862,0.5296470047728075,0.3423628261897494,XGBoostRegressor,50,Featset1,Original,550
CD33_NM_001772.4_702,0.5466518131333926,0.7694278852844529,0.3423628261897494,XGBoostRegressor,50,Featset1,Original,550
CD33_NM_001772.4_703,0.6535837046398814,0.7794255602437646,0.3423628261897494,XGBoostRegressor,50,Featset1,Original,550
CD33_NM_001772.4_845,0.3349421292595975,0.2696901753192741,0.3423628261897494,XGBoostRegressor,50,Featset1,Original,550
CD33_NM_001772.4_848,0.3287483210658169,0.18570650978659825,0.3423628261897494,XGBoostRegressor,50,Featset1,Original,550
CD33_NM_001772.4_849,0.1243331595197166,0.202831202157394,0.3423628261897494,XGBoostRegressor,50,Featset1,Original,550
CD33_NM_001772.4_853,0.679424257019847,0.16398636356291288,0.3423628261897494,XGBoostRegressor,50,Featset1,Original,550
CD33_NM_001772.4_854,0.914554304343058,0.1598733015567966,0.3423628261897494,XGBoostRegressor,50,Featset1,Original,550
CD33_NM_001772.4_892,0.682840692741016,0.4198690010305194,0.3423628261897494,XGBoostRegressor,50,Featset1,Original,550
CD33_NM_001772.4_962,0.6063900664824182,0.3086300232256342,0.3423628261897494,XGBoostRegressor,50,Featset1,Original,550
CD33_NM_001772.4_971,0.6090294052954977,0.2073864811157457,0.3423628261897494,XGBoostRegressor,50,Featset1,Original,550
CD33_NM_001772.4_1056,0.3154911723457608,0.17541395698697612,0.3423628261897494,XGBoostRegressor,50,Featset1,Original,550
CD33_NM_001772.4_1062,0.0643746943931165,0.7989608408269475,0.3423628261897494,XGBoostRegressor,50,Featset1,Original,550
CD33_NM_001772.4_1063,0.0805117941071093,0.790808666913904,0.3423628261897494,XGBoostRegressor,50,Featset1,Original,550
CD33_NM_001772.4_1072,0.3112751571165079,0.34614011478592416,0.3423628261897494,XGBoostRegressor,50,Featset1,Original,550
CD33_NM_001772.4_1104,0.4596049623227996,0.5268943158910852,0.3423628261897494,XGBoostRegressor,50,Featset1,Original,550
CD33_NM_001772.4_1116,0.2696597534776632,0.6848717573309656,0.3423628261897494,XGBoostRegressor,50,Featset1,Original,550
CD33_NM_001772.4_1199,0.0642549951983411,0.12223145084612996,0.3423628261897494,XGBoostRegressor,50,Featset1,Original,550
CD33_NM_001772.4_1202,0.2820923510361508,0.15250057565730313,0.3423628261897494,XGBoostRegressor,50,Featset1,Original,550
CD33_NM_001772.4_1230,0.1504808051791626,0.18755529463271162,0.3423628261897494,XGBoostRegressor,50,Featset1,Original,550
CD33_NM_001772.4_1235,0.1359927797529909,0.13465499977988243,0.3423628261897494,XGBoostRegressor,50,Featset1,Original,550
CD33_NM_001772.4_1236,0.3119617104669812,0.13108447399626263,0.3423628261897494,XGBoostRegressor,50,Featset1,Original,550
CD33_NM_001772.4_1241,0.1045573740016243,0.15072210850816442,0.3423628261897494,XGBoostRegressor,50,Featset1,Original,550
CD33_NM_001772.4_1247,0.0156091157197142,0.1298334661021341,0.3423628261897494,XGBoostRegressor,50,Featset1,Original,550
CD33_NM_001772.4_1249,0.1369511566914595,0.1407030313195254,0.3423628261897494,XGBoostRegressor,50,Featset1,Original,550
CD33_NM_001772.4_1267,0.2650838226418192,0.13863836306558147,0.3423628261897494,XGBoostRegressor,50,Featset1,Original,550
CD33_NM_001772.4_1268,0.8083174321630984,0.13801724505315913,0.3423628261897494,XGBoostRegressor,50,Featset1,Original,550
CD33_NM_001772.4_1269,0.145412221281605,0.2414992936901852,0.3423628261897494,XGBoostRegressor,50,Featset1,Original,550
CD33_NM_001772.4_1291,0.2357716037041677,0.21575451414942445,0.3423628261897494,XGBoostRegressor,50,Featset1,Original,550
CD33_NM_001772.4_1299,0.1528921787837449,0.10190679375196306,0.3423628261897494,XGBoostRegressor,50,Featset1,Original,550
CD33_NM_001772.4_1301,0.1353335117164193,0.08311321265583423,0.3423628261897494,XGBoostRegressor,50,Featset1,Original,550
CD33_NM_001772.4_1308,0.0984376437302756,0.12771184102353392,0.3423628261897494,XGBoostRegressor,50,Featset1,Original,550
CD33_NM_001772.4_1309,0.1410161118354132,0.1283329590359563,0.3423628261897494,XGBoostRegressor,50,Featset1,Original,550
CD33_NM_001772.4_1315,0.0840745391913935,0.10310025743623026,0.3423628261897494,XGBoostRegressor,50,Featset1,Original,550
CD33_NM_001772.4_1340,0.0816448088891295,0.19736179164771142,0.3423628261897494,XGBoostRegressor,50,Featset1,Original,550
CD33_NM_001772.4_1344,0.0733856595858671,0.18414852425495526,0.3423628261897494,XGBoostRegressor,50,Featset1,Original,550
CD33_NM_001772.4_1349,0.2372747849648072,0.15394682279868221,0.3423628261897494,XGBoostRegressor,50,Featset1,Original,550
CD33_NM_001772.4_1350,0.1581131815027904,0.15394682279868221,0.3423628261897494,XGBoostRegressor,50,Featset1,Original,550
CD33_NM_001772.4_1355,0.2342663903427095,0.1348677675392951,0.3423628261897494,XGBoostRegressor,50,Featset1,Original,550
CD33_NM_001772.4_1357,0.1153213609657062,0.1529931532308822,0.3423628261897494,XGBoostRegressor,50,Featset1,Original,550
CD33_NM_001772.4_1415,0.0847351396523201,0.44537190979042074,0.3423628261897494,XGBoostRegressor,50,Featset1,Original,550
CD33_NM_001772.4_1417,0.1551149215899976,0.43680272701584066,0.3423628261897494,XGBoostRegressor,50,Featset1,Original,550
CD33_NM_001772.4_1419,0.1316015674675502,0.39425994676743453,0.3423628261897494,XGBoostRegressor,50,Featset1,Original,550
CD33_NM_001772.4_1421,0.626045182542512,0.3775740792600948,0.3423628261897494,XGBoostRegressor,50,Featset1,Original,550
CD33_NM_001772.4_124,0.4962955309640843,0.3323609353023836,0.6022962291116833,XGBoostRegressor,50,Featset1,Original,602
CD33_NM_001772.4_130,0.0553639777265487,0.32985624722219975,0.6022962291116833,XGBoostRegressor,50,Featset1,Original,602
CD33_NM_001772.4_131,0.2001007855594544,0.3546340839192564,0.6022962291116833,XGBoostRegressor,50,Featset1,Original,602
CD33_NM_001772.4_158,0.1528771581737751,0.48093729619030645,0.6022962291116833,XGBoostRegressor,50,Featset1,Original,602
CD33_NM_001772.4_217,1.0176052147689862,0.7788449596778622,0.6022962291116833,XGBoostRegressor,50,Featset1,Original,602
CD33_NM_001772.4_257,0.10300800289175,0.5693522079288583,0.6022962291116833,XGBoostRegressor,50,Featset1,Original,602
CD33_NM_001772.4_258,0.0855392002724688,0.7200262095414913,0.6022962291116833,XGBoostRegressor,50,Featset1,Original,602
CD33_NM_001772.4_261,0.2509044446167877,0.5852587157821774,0.6022962291116833,XGBoostRegressor,50,Featset1,Original,602
CD33_NM_001772.4_262,0.3012403854408151,0.5416212027671543,0.6022962291116833,XGBoostRegressor,50,Featset1,Original,602
CD33_NM_001772.4_269,0.5799273481640077,0.550870381684267,0.6022962291116833,XGBoostRegressor,50,Featset1,Original,602
CD33_NM_001772.4_323,0.740889236162732,0.643168598199813,0.6022962291116833,XGBoostRegressor,50,Featset1,Original,602
CD33_NM_001772.4_325,0.850872525651126,0.7124379333855402,0.6022962291116833,XGBoostRegressor,50,Featset1,Original,602
CD33_NM_001772.4_375,0.5933147651631947,0.09225382208626949,0.6022962291116833,XGBoostRegressor,50,Featset1,Original,602
CD33_NM_001772.4_377,0.0825472263601109,0.2350787704280107,0.6022962291116833,XGBoostRegressor,50,Featset1,Original,602
CD33_NM_001772.4_379,0.2083079878923905,0.21944091034570617,0.6022962291116833,XGBoostRegressor,50,Featset1,Original,602
CD33_NM_001772.4_406,0.7190898834199679,0.6518971635172356,0.6022962291116833,XGBoostRegressor,50,Featset1,Original,602
CD33_NM_001772.4_408,0.4152710679009341,0.5705470321671042,0.6022962291116833,XGBoostRegressor,50,Featset1,Original,602
CD33_NM_001772.4_410,0.2403975709724879,0.5282089524588228,0.6022962291116833,XGBoostRegressor,50,Featset1,Original,602
CD33_NM_001772.4_412,0.251332179778546,0.6196064973210282,0.6022962291116833,XGBoostRegressor,50,Featset1,Original,602
CD33_NM_001772.4_442,0.269249348909529,0.4765733029589151,0.6022962291116833,XGBoostRegressor,50,Featset1,Original,602
CD33_NM_001772.4_452,1.0079103050038405,0.6133823329302955,0.6022962291116833,XGBoostRegressor,50,Featset1,Original,602
CD33_NM_001772.4_508,0.8238791599259621,0.708014163195724,0.6022962291116833,XGBoostRegressor,50,Featset1,Original,602
CD33_NM_001772.4_614,1.0154391307045385,0.4322594336265265,0.6022962291116833,XGBoostRegressor,50,Featset1,Original,602
CD33_NM_001772.4_649,0.8646422003356216,0.8493851369413974,0.6022962291116833,XGBoostRegressor,50,Featset1,Original,602
CD33_NM_001772.4_848,0.3287483210658169,0.3143130900471049,0.6022962291116833,XGBoostRegressor,50,Featset1,Original,602
CD33_NM_001772.4_851,0.1104496049792572,0.410066102466784,0.6022962291116833,XGBoostRegressor,50,Featset1,Original,602
CD33_NM_001772.4_857,0.3538566125339397,0.596084913723917,0.6022962291116833,XGBoostRegressor,50,Featset1,Original,602
CD33_NM_001772.4_961,0.4158905903044033,0.5100309544532506,0.6022962291116833,XGBoostRegressor,50,Featset1,Original,602
CD33_NM_001772.4_1035,0.3345990048540437,0.34327552440558906,0.6022962291116833,XGBoostRegressor,50,Featset1,Original,602
CD33_NM_001772.4_1056,0.3154911723457608,0.2636692555575029,0.6022962291116833,XGBoostRegressor,50,Featset1,Original,602
CD33_NM_001772.4_1060,0.6091527639607595,0.2753032499742707,0.6022962291116833,XGBoostRegressor,50,Featset1,Original,602
CD33_NM_001772.4_1062,0.0643746943931165,0.33685647101247235,0.6022962291116833,XGBoostRegressor,50,Featset1,Original,602
CD33_NM_001772.4_1090,0.8888657092934042,0.7805649948738875,0.6022962291116833,XGBoostRegressor,50,Featset1,Original,602
CD33_NM_001772.4_1092,0.6358187604386001,0.6703590211634408,0.6022962291116833,XGBoostRegressor,50,Featset1,Original,602
CD33_NM_001772.4_1098,1.1130814825491548,0.6196670523531808,0.6022962291116833,XGBoostRegressor,50,Featset1,Original,602
CD33_NM_001772.4_1104,0.4596049623227996,0.4949467974991169,0.6022962291116833,XGBoostRegressor,50,Featset1,Original,602
CD33_NM_001772.4_1123,0.0951495251336486,0.8910589766959608,0.6022962291116833,XGBoostRegressor,50,Featset1,Original,602
CD33_NM_001772.4_1169,0.4650524463893209,0.6685599241370842,0.6022962291116833,XGBoostRegressor,50,Featset1,Original,602
CD33_NM_001772.4_1199,0.0642549951983411,0.09248532323807673,0.6022962291116833,XGBoostRegressor,50,Featset1,Original,602
CD33_NM_001772.4_1202,0.2820923510361508,0.11606415104472523,0.6022962291116833,XGBoostRegressor,50,Featset1,Original,602
CD33_NM_001772.4_1204,0.4230453293505361,0.2752736764309428,0.6022962291116833,XGBoostRegressor,50,Featset1,Original,602
CD33_NM_001772.4_1226,0.0457084846965863,0.2155219205611259,0.6022962291116833,XGBoostRegressor,50,Featset1,Original,602
CD33_NM_001772.4_1228,0.1638259868598128,0.15903199235159687,0.6022962291116833,XGBoostRegressor,50,Featset1,Original,602
CD33_NM_001772.4_1230,0.1504808051791626,0.16715669661451255,0.6022962291116833,XGBoostRegressor,50,Featset1,Original,602
CD33_NM_001772.4_1231,0.086884091553434,0.13073367329890612,0.6022962291116833,XGBoostRegressor,50,Featset1,Original,602
CD33_NM_001772.4_1232,0.1220406977081844,0.10670177390468787,0.6022962291116833,XGBoostRegressor,50,Featset1,Original,602
CD33_NM_001772.4_1233,0.0476865518097374,0.08768641708445302,0.6022962291116833,XGBoostRegressor,50,Featset1,Original,602
CD33_NM_001772.4_1235,0.1359927797529909,0.0853572115623411,0.6022962291116833,XGBoostRegressor,50,Featset1,Original,602
CD33_NM_001772.4_1236,0.3119617104669812,0.10008785129298083,0.6022962291116833,XGBoostRegressor,50,Featset1,Original,602
CD33_NM_001772.4_1238,0.1134059607694089,0.07895370689106089,0.6022962291116833,XGBoostRegressor,50,Featset1,Original,602
CD33_NM_001772.4_1242,0.0420475257530714,0.08978232535828923,0.6022962291116833,XGBoostRegressor,50,Featset1,Original,602
CD33_NM_001772.4_1245,0.0903470695760183,0.13084302721405872,0.6022962291116833,XGBoostRegressor,50,Featset1,Original,602
CD33_NM_001772.4_1246,0.0160847540447047,0.10944385025932618,0.6022962291116833,XGBoostRegressor,50,Featset1,Original,602
CD33_NM_001772.4_1267,0.2650838226418192,0.18035830237456452,0.6022962291116833,XGBoostRegressor,50,Featset1,Original,602
CD33_NM_001772.4_1284,0.0573358046264512,0.23596835992174714,0.6022962291116833,XGBoostRegressor,50,Featset1,Original,602
CD33_NM_001772.4_1288,0.0722560971117317,0.17794943383946207,0.6022962291116833,XGBoostRegressor,50,Featset1,Original,602
CD33_NM_001772.4_1289,0.0605241052611938,0.2127573899437145,0.6022962291116833,XGBoostRegressor,50,Featset1,Original,602
CD33_NM_001772.4_1295,0.2568803446972121,0.12847964337168363,0.6022962291116833,XGBoostRegressor,50,Featset1,Original,602
CD33_NM_001772.4_1297,0.0668668977778972,0.11293400148954194,0.6022962291116833,XGBoostRegressor,50,Featset1,Original,602
CD33_NM_001772.4_1299,0.1528921787837449,0.14930654843720623,0.6022962291116833,XGBoostRegressor,50,Featset1,Original,602
CD33_NM_001772.4_1303,0.0429543333936887,0.09685702145366874,0.6022962291116833,XGBoostRegressor,50,Featset1,Original,602
CD33_NM_001772.4_1339,0.4834909248688341,0.15242752565025405,0.6022962291116833,XGBoostRegressor,50,Featset1,Original,602
CD33_NM_001772.4_1342,0.1455254935525228,0.2798737270454098,0.6022962291116833,XGBoostRegressor,50,Featset1,Original,602
CD33_NM_001772.4_1348,0.5749999176591853,0.4226551942296102,0.6022962291116833,XGBoostRegressor,50,Featset1,Original,602
CD33_NM_001772.4_1355,0.2342663903427095,0.39907403554037796,0.6022962291116833,XGBoostRegressor,50,Featset1,Original,602
CD33_NM_001772.4_1358,0.1281456269986889,0.20548638140276249,0.6022962291116833,XGBoostRegressor,50,Featset1,Original,602
CD33_NM_001772.4_1418,0.2454053903332245,0.26743425883442695,0.6022962291116833,XGBoostRegressor,50,Featset1,Original,602
CD33_NM_001772.4_130,0.0553639777265487,0.2721615398115942,0.6195390608633732,XGBoostRegressor,50,Featset1,Original,224
CD33_NM_001772.4_131,0.2001007855594544,0.2524398084590746,0.6195390608633732,XGBoostRegressor,50,Featset1,Original,224
CD33_NM_001772.4_208,1.101992713629745,0.30762803854099313,0.6195390608633732,XGBoostRegressor,50,Featset1,Original,224
CD33_NM_001772.4_209,0.7816256178592933,0.31299135662763305,0.6195390608633732,XGBoostRegressor,50,Featset1,Original,224
CD33_NM_001772.4_218,1.0741426271370291,0.6072170738448582,0.6195390608633732,XGBoostRegressor,50,Featset1,Original,224
CD33_NM_001772.4_257,0.10300800289175,0.4394853837054638,0.6195390608633732,XGBoostRegressor,50,Featset1,Original,224
CD33_NM_001772.4_259,0.498001280424244,0.4394872124345864,0.6195390608633732,XGBoostRegressor,50,Featset1,Original,224
CD33_NM_001772.4_323,0.740889236162732,0.6588472213282528,0.6195390608633732,XGBoostRegressor,50,Featset1,Original,224
CD33_NM_001772.4_404,0.5206976999715314,0.3364391012495287,0.6195390608633732,XGBoostRegressor,50,Featset1,Original,224
CD33_NM_001772.4_406,0.7190898834199679,0.3477349535656532,0.6195390608633732,XGBoostRegressor,50,Featset1,Original,224
CD33_NM_001772.4_449,0.342952151114346,0.404089428874244,0.6195390608633732,XGBoostRegressor,50,Featset1,Original,224
CD33_NM_001772.4_507,0.1943288632000246,0.5355046585627885,0.6195390608633732,XGBoostRegressor,50,Featset1,Original,224
CD33_NM_001772.4_538,0.8829922576113727,0.6604059255514199,0.6195390608633732,XGBoostRegressor,50,Featset1,Original,224
CD33_NM_001772.4_612,1.001899976348862,0.37085969641955063,0.6195390608633732,XGBoostRegressor,50,Featset1,Original,224
CD33_NM_001772.4_614,1.0154391307045385,0.3568748672489533,0.6195390608633732,XGBoostRegressor,50,Featset1,Original,224
CD33_NM_001772.4_615,0.5653242849888491,0.32790141351618785,0.6195390608633732,XGBoostRegressor,50,Featset1,Original,224
CD33_NM_001772.4_668,0.4950649679892414,0.36752751550882934,0.6195390608633732,XGBoostRegressor,50,Featset1,Original,224
CD33_NM_001772.4_700,0.5806203765235016,0.4506652897098315,0.6195390608633732,XGBoostRegressor,50,Featset1,Original,224
CD33_NM_001772.4_774,0.6726803877097869,0.28110745830541417,0.6195390608633732,XGBoostRegressor,50,Featset1,Original,224
CD33_NM_001772.4_853,0.679424257019847,0.3079537143187493,0.6195390608633732,XGBoostRegressor,50,Featset1,Original,224
CD33_NM_001772.4_856,0.9871669012913258,0.3480025068169029,0.6195390608633732,XGBoostRegressor,50,Featset1,Original,224
CD33_NM_001772.4_857,0.3538566125339397,0.37270542420172714,0.6195390608633732,XGBoostRegressor,50,Featset1,Original,224
CD33_NM_001772.4_962,0.6063900664824182,0.3688413099250162,0.6195390608633732,XGBoostRegressor,50,Featset1,Original,224
CD33_NM_001772.4_971,0.6090294052954977,0.257523600031673,0.6195390608633732,XGBoostRegressor,50,Featset1,Original,224
CD33_NM_001772.4_1036,0.1817238717722582,0.26141116431557565,0.6195390608633732,XGBoostRegressor,50,Featset1,Original,224
CD33_NM_001772.4_1059,0.751349714461228,0.2823167234603263,0.6195390608633732,XGBoostRegressor,50,Featset1,Original,224
CD33_NM_001772.4_1060,0.6091527639607595,0.3211512497925988,0.6195390608633732,XGBoostRegressor,50,Featset1,Original,224
CD33_NM_001772.4_1062,0.0643746943931165,0.5132655773052787,0.6195390608633732,XGBoostRegressor,50,Featset1,Original,224
CD33_NM_001772.4_1065,0.2844591215444274,0.22494897783956216,0.6195390608633732,XGBoostRegressor,50,Featset1,Original,224
CD33_NM_001772.4_1072,0.3112751571165079,0.29026147966150817,0.6195390608633732,XGBoostRegressor,50,Featset1,Original,224
CD33_NM_001772.4_1090,0.8888657092934042,0.636761726890295,0.6195390608633732,XGBoostRegressor,50,Featset1,Original,224
CD33_NM_001772.4_1094,0.8287904879333721,0.6439200795162455,0.6195390608633732,XGBoostRegressor,50,Featset1,Original,224
CD33_NM_001772.4_1098,1.1130814825491548,0.5461760965539546,0.6195390608633732,XGBoostRegressor,50,Featset1,Original,224
CD33_NM_001772.4_1104,0.4596049623227996,0.49772357622080843,0.6195390608633732,XGBoostRegressor,50,Featset1,Original,224
CD33_NM_001772.4_1122,0.9911646460162928,0.5065285786779394,0.6195390608633732,XGBoostRegressor,50,Featset1,Original,224
CD33_NM_001772.4_1126,0.5503603742051888,0.573371956099996,0.6195390608633732,XGBoostRegressor,50,Featset1,Original,224
CD33_NM_001772.4_1169,0.4650524463893209,0.5777421790384201,0.6195390608633732,XGBoostRegressor,50,Featset1,Original,224
CD33_NM_001772.4_1199,0.0642549951983411,0.20423801998711638,0.6195390608633732,XGBoostRegressor,50,Featset1,Original,224
CD33_NM_001772.4_1200,0.1110982321197007,0.19954290892142276,0.6195390608633732,XGBoostRegressor,50,Featset1,Original,224
CD33_NM_001772.4_1226,0.0457084846965863,0.2871207942775921,0.6195390608633732,XGBoostRegressor,50,Featset1,Original,224
CD33_NM_001772.4_1229,0.277066205540823,0.2251898134591631,0.6195390608633732,XGBoostRegressor,50,Featset1,Original,224
CD33_NM_001772.4_1231,0.086884091553434,0.2326916517432675,0.6195390608633732,XGBoostRegressor,50,Featset1,Original,224
CD33_NM_001772.4_1232,0.1220406977081844,0.19912881784538355,0.6195390608633732,XGBoostRegressor,50,Featset1,Original,224
CD33_NM_001772.4_1233,0.0476865518097374,0.19813515461759096,0.6195390608633732,XGBoostRegressor,50,Featset1,Original,224
CD33_NM_001772.4_1234,0.1082327082832445,0.19005598668969442,0.6195390608633732,XGBoostRegressor,50,Featset1,Original,224
CD33_NM_001772.4_1238,0.1134059607694089,0.18550468158291175,0.6195390608633732,XGBoostRegressor,50,Featset1,Original,224
CD33_NM_001772.4_1239,0.0,0.17455700034014637,0.6195390608633732,XGBoostRegressor,50,Featset1,Original,224
CD33_NM_001772.4_1241,0.1045573740016243,0.17130415094375,0.6195390608633732,XGBoostRegressor,50,Featset1,Original,224
CD33_NM_001772.4_1242,0.0420475257530714,0.19855314891333278,0.6195390608633732,XGBoostRegressor,50,Featset1,Original,224
CD33_NM_001772.4_1246,0.0160847540447047,0.14432616445296523,0.6195390608633732,XGBoostRegressor,50,Featset1,Original,224
CD33_NM_001772.4_1284,0.0573358046264512,0.2389310340486981,0.6195390608633732,XGBoostRegressor,50,Featset1,Original,224
CD33_NM_001772.4_1287,0.1191240887575731,0.2557367491221059,0.6195390608633732,XGBoostRegressor,50,Featset1,Original,224
CD33_NM_001772.4_1291,0.2357716037041677,0.24356021050266838,0.6195390608633732,XGBoostRegressor,50,Featset1,Original,224
CD33_NM_001772.4_1296,0.0753469500901332,0.197722480293447,0.6195390608633732,XGBoostRegressor,50,Featset1,Original,224
CD33_NM_001772.4_1297,0.0668668977778972,0.20465329918046415,0.6195390608633732,XGBoostRegressor,50,Featset1,Original,224
CD33_NM_001772.4_1299,0.1528921787837449,0.2219703424003188,0.6195390608633732,XGBoostRegressor,50,Featset1,Original,224
CD33_NM_001772.4_1303,0.0429543333936887,0.16787283991222327,0.6195390608633732,XGBoostRegressor,50,Featset1,Original,224
CD33_NM_001772.4_1304,0.091507030548025,0.17543073149155228,0.6195390608633732,XGBoostRegressor,50,Featset1,Original,224
CD33_NM_001772.4_1308,0.0984376437302756,0.2026492721351218,0.6195390608633732,XGBoostRegressor,50,Featset1,Original,224
CD33_NM_001772.4_1310,0.0763893549604591,0.16913016206959228,0.6195390608633732,XGBoostRegressor,50,Featset1,Original,224
CD33_NM_001772.4_1341,0.1582753835005934,0.23225229662119695,0.6195390608633732,XGBoostRegressor,50,Featset1,Original,224
CD33_NM_001772.4_1344,0.0733856595858671,0.3382027626093885,0.6195390608633732,XGBoostRegressor,50,Featset1,Original,224
CD33_NM_001772.4_1347,0.1116663555053938,0.35994031624781153,0.6195390608633732,XGBoostRegressor,50,Featset1,Original,224
CD33_NM_001772.4_1348,0.5749999176591853,0.3396043128032557,0.6195390608633732,XGBoostRegressor,50,Featset1,Original,224
CD33_NM_001772.4_1354,0.0428327408384395,0.24517697820017864,0.6195390608633732,XGBoostRegressor,50,Featset1,Original,224
CD33_NM_001772.4_1355,0.2342663903427095,0.24898008927846038,0.6195390608633732,XGBoostRegressor,50,Featset1,Original,224
CD33_NM_001772.4_1421,0.626045182542512,0.23528693901211897,0.6195390608633732,XGBoostRegressor,50,Featset1,Original,224
CD33_NM_001772.4_130,0.0553639777265487,0.42659132426574287,0.4063316760512235,XGBoostRegressor,50,Featset1,Original,340
CD33_NM_001772.4_131,0.2001007855594544,0.5277954840905923,0.4063316760512235,XGBoostRegressor,50,Featset1,Original,340
CD33_NM_001772.4_155,0.1981809150515827,0.48706027917914224,0.4063316760512235,XGBoostRegressor,50,Featset1,Original,340
CD33_NM_001772.4_205,0.28900032633263,0.40469757998493633,0.4063316760512235,XGBoostRegressor,50,Featset1,Original,340
CD33_NM_001772.4_208,1.101992713629745,0.3611421993681522,0.4063316760512235,XGBoostRegressor,50,Featset1,Original,340
CD33_NM_001772.4_217,1.0176052147689862,0.847302043422733,0.4063316760512235,XGBoostRegressor,50,Featset1,Original,340
CD33_NM_001772.4_242,0.9524132742525152,0.8459814298260613,0.4063316760512235,XGBoostRegressor,50,Featset1,Original,340
CD33_NM_001772.4_257,0.10300800289175,0.1440329218106996,0.4063316760512235,XGBoostRegressor,50,Featset1,Original,340
CD33_NM_001772.4_260,0.8844371002517712,0.3026748971193416,0.4063316760512235,XGBoostRegressor,50,Featset1,Original,340
CD33_NM_001772.4_269,0.5799273481640077,0.2925661375661376,0.4063316760512235,XGBoostRegressor,50,Featset1,Original,340
CD33_NM_001772.4_375,0.5933147651631947,0.14752471186579713,0.4063316760512235,XGBoostRegressor,50,Featset1,Original,340
CD33_NM_001772.4_377,0.0825472263601109,0.1910006497725796,0.4063316760512235,XGBoostRegressor,50,Featset1,Original,340
CD33_NM_001772.4_378,0.0296308776467462,0.38544509421702405,0.4063316760512235,XGBoostRegressor,50,Featset1,Original,340
CD33_NM_001772.4_381,0.3603032995657897,0.30211176088369074,0.4063316760512235,XGBoostRegressor,50,Featset1,Original,340
CD33_NM_001772.4_403,0.6120854057800884,0.39213890409292707,0.4063316760512235,XGBoostRegressor,50,Featset1,Original,340
CD33_NM_001772.4_404,0.5206976999715314,0.6143611263151494,0.4063316760512235,XGBoostRegressor,50,Featset1,Original,340
CD33_NM_001772.4_411,0.6231672666942134,0.22186333620442147,0.4063316760512235,XGBoostRegressor,50,Featset1,Original,340
CD33_NM_001772.4_412,0.251332179778546,0.22186333620442147,0.4063316760512235,XGBoostRegressor,50,Featset1,Original,340
CD33_NM_001772.4_413,0.5430984046710963,0.18482629916738447,0.4063316760512235,XGBoostRegressor,50,Featset1,Original,340
CD33_NM_001772.4_453,0.2664003316696924,0.8071535909982224,0.4063316760512235,XGBoostRegressor,50,Featset1,Original,340
CD33_NM_001772.4_507,0.1943288632000246,0.5314436735625365,0.4063316760512235,XGBoostRegressor,50,Featset1,Original,340
CD33_NM_001772.4_649,0.8646422003356216,0.8846729708431836,0.4063316760512235,XGBoostRegressor,50,Featset1,Original,340
CD33_NM_001772.4_700,0.5806203765235016,0.6388888888888888,0.4063316760512235,XGBoostRegressor,50,Featset1,Original,340
CD33_NM_001772.4_702,0.5466518131333926,0.7907407407407406,0.4063316760512235,XGBoostRegressor,50,Featset1,Original,340
CD33_NM_001772.4_849,0.1243331595197166,0.4456202377391008,0.4063316760512235,XGBoostRegressor,50,Featset1,Original,340
CD33_NM_001772.4_854,0.914554304343058,0.7265664520186483,0.4063316760512235,XGBoostRegressor,50,Featset1,Original,340
CD33_NM_001772.4_857,0.3538566125339397,0.6895294149816114,0.4063316760512235,XGBoostRegressor,50,Featset1,Original,340
CD33_NM_001772.4_967,0.0580440204290252,0.2551440329218107,0.4063316760512235,XGBoostRegressor,50,Featset1,Original,340
CD33_NM_001772.4_1059,0.751349714461228,0.31724286798242063,0.4063316760512235,XGBoostRegressor,50,Featset1,Original,340
CD33_NM_001772.4_1062,0.0643746943931165,0.6101081027100574,0.4063316760512235,XGBoostRegressor,50,Featset1,Original,340
CD33_NM_001772.4_1066,0.0774990617666946,0.2913311862587225,0.4063316760512235,XGBoostRegressor,50,Featset1,Original,340
CD33_NM_001772.4_1069,0.339711068137288,0.2660225442834139,0.4063316760512235,XGBoostRegressor,50,Featset1,Original,340
CD33_NM_001772.4_1070,0.0793453148666703,0.3057050839659536,0.4063316760512235,XGBoostRegressor,50,Featset1,Original,340
CD33_NM_001772.4_1071,0.09803288598035,0.22751578355443092,0.4063316760512235,XGBoostRegressor,50,Featset1,Original,340
CD33_NM_001772.4_1098,1.1130814825491548,0.2993827160493827,0.4063316760512235,XGBoostRegressor,50,Featset1,Original,340
CD33_NM_001772.4_1167,0.0820909132150931,0.48266580534022396,0.4063316760512235,XGBoostRegressor,50,Featset1,Original,340
CD33_NM_001772.4_1170,0.7210792882332397,0.7042464878671775,0.4063316760512235,XGBoostRegressor,50,Featset1,Original,340
CD33_NM_001772.4_1198,0.1879754897069364,0.33603648198637653,0.4063316760512235,XGBoostRegressor,50,Featset1,Original,340
CD33_NM_001772.4_1199,0.0642549951983411,0.3384005481802299,0.4063316760512235,XGBoostRegressor,50,Featset1,Original,340
CD33_NM_001772.4_1225,0.2674744424142982,0.44752530369551646,0.4063316760512235,XGBoostRegressor,50,Featset1,Original,340
CD33_NM_001772.4_1226,0.0457084846965863,0.3126046687748815,0.4063316760512235,XGBoostRegressor,50,Featset1,Original,340
CD33_NM_001772.4_1228,0.1638259868598128,0.20490089107110382,0.4063316760512235,XGBoostRegressor,50,Featset1,Original,340
CD33_NM_001772.4_1230,0.1504808051791626,0.09615384615384616,0.4063316760512235,XGBoostRegressor,50,Featset1,Original,340
CD33_NM_001772.4_1232,0.1220406977081844,0.0405982905982906,0.4063316760512235,XGBoostRegressor,50,Featset1,Original,340
CD33_NM_001772.4_1236,0.3119617104669812,0.21123321123321123,0.4063316760512235,XGBoostRegressor,50,Featset1,Original,340
CD33_NM_001772.4_1240,0.0893901009525862,0.15170940170940173,0.4063316760512235,XGBoostRegressor,50,Featset1,Original,340
CD33_NM_001772.4_1247,0.0156091157197142,0.07371518805627332,0.4063316760512235,XGBoostRegressor,50,Featset1,Original,340
CD33_NM_001772.4_1248,0.1222506367255025,0.07371518805627332,0.4063316760512235,XGBoostRegressor,50,Featset1,Original,340
CD33_NM_001772.4_1249,0.1369511566914595,0.19456039223481084,0.4063316760512235,XGBoostRegressor,50,Featset1,Original,340
CD33_NM_001772.4_1250,0.1218349071708003,0.19456039223481084,0.4063316760512235,XGBoostRegressor,50,Featset1,Original,340
CD33_NM_001772.4_1267,0.2650838226418192,0.501851851851852,0.4063316760512235,XGBoostRegressor,50,Featset1,Original,340
CD33_NM_001772.4_1269,0.145412221281605,0.6403292181069958,0.4063316760512235,XGBoostRegressor,50,Featset1,Original,340
CD33_NM_001772.4_1284,0.0573358046264512,0.3104537581281767,0.4063316760512235,XGBoostRegressor,50,Featset1,Original,340
CD33_NM_001772.4_1291,0.2357716037041677,0.2137474120082816,0.4063316760512235,XGBoostRegressor,50,Featset1,Original,340
CD33_NM_001772.4_1296,0.0753469500901332,0.3758064949006978,0.4063316760512235,XGBoostRegressor,50,Featset1,Original,340
CD33_NM_001772.4_1297,0.0668668977778972,0.32025093934514226,0.4063316760512235,XGBoostRegressor,50,Featset1,Original,340
CD33_NM_001772.4_1300,0.2590680816197077,0.4487654320987655,0.4063316760512235,XGBoostRegressor,50,Featset1,Original,340
CD33_NM_001772.4_1301,0.1353335117164193,0.4569958847736626,0.4063316760512235,XGBoostRegressor,50,Featset1,Original,340
CD33_NM_001772.4_1339,0.4834909248688341,0.2590792961256954,0.4063316760512235,XGBoostRegressor,50,Featset1,Original,340
CD33_NM_001772.4_1341,0.1582753835005934,0.2671308259163556,0.4063316760512235,XGBoostRegressor,50,Featset1,Original,340
CD33_NM_001772.4_1345,0.0302529020872745,0.20046415924968894,0.4063316760512235,XGBoostRegressor,50,Featset1,Original,340
CD33_NM_001772.4_1349,0.2372747849648072,0.1872366460221757,0.4063316760512235,XGBoostRegressor,50,Featset1,Original,340
CD33_NM_001772.4_1355,0.2342663903427095,0.2671308259163557,0.4063316760512235,XGBoostRegressor,50,Featset1,Original,340
CD33_NM_001772.4_1397,0.0481061671281841,0.18059964726631395,0.4063316760512235,XGBoostRegressor,50,Featset1,Original,340
CD33_NM_001772.4_1416,0.0599241854609377,0.5014590347923682,0.4063316760512235,XGBoostRegressor,50,Featset1,Original,340
CD33_NM_001772.4_1419,0.1316015674675502,0.36739989840765036,0.4063316760512235,XGBoostRegressor,50,Featset1,Original,340
CD33_NM_001772.4_1421,0.626045182542512,0.2924439901184087,0.4063316760512235,XGBoostRegressor,50,Featset1,Original,340
CD33_NM_001772.4_124,0.4962955309640843,0.46571670099184426,0.5526875439774943,XGBoostRegressor,50,Featset1,Original,584
CD33_NM_001772.4_218,1.0741426271370291,0.5273295753737338,0.5526875439774943,XGBoostRegressor,50,Featset1,Original,584
CD33_NM_001772.4_259,0.498001280424244,0.4859529069123063,0.5526875439774943,XGBoostRegressor,50,Featset1,Original,584
CD33_NM_001772.4_260,0.8844371002517712,0.47371026870610866,0.5526875439774943,XGBoostRegressor,50,Featset1,Original,584
CD33_NM_001772.4_262,0.3012403854408151,0.42826982955637793,0.5526875439774943,XGBoostRegressor,50,Featset1,Original,584
CD33_NM_001772.4_270,0.5668966460919787,0.41840326105193276,0.5526875439774943,XGBoostRegressor,50,Featset1,Original,584
CD33_NM_001772.4_375,0.5933147651631947,0.40576516835646126,0.5526875439774943,XGBoostRegressor,50,Featset1,Original,584
CD33_NM_001772.4_377,0.0825472263601109,0.44672158808891743,0.5526875439774943,XGBoostRegressor,50,Featset1,Original,584
CD33_NM_001772.4_382,0.2976307142355531,0.4526090679343373,0.5526875439774943,XGBoostRegressor,50,Featset1,Original,584
CD33_NM_001772.4_403,0.6120854057800884,0.443129731183764,0.5526875439774943,XGBoostRegressor,50,Featset1,Original,584
CD33_NM_001772.4_406,0.7190898834199679,0.4361867880475022,0.5526875439774943,XGBoostRegressor,50,Featset1,Original,584
CD33_NM_001772.4_408,0.4152710679009341,0.4315256242438192,0.5526875439774943,XGBoostRegressor,50,Featset1,Original,584
CD33_NM_001772.4_410,0.2403975709724879,0.42918291336226017,0.5526875439774943,XGBoostRegressor,50,Featset1,Original,584
CD33_NM_001772.4_508,0.8238791599259621,0.5207188816812487,0.5526875439774943,XGBoostRegressor,50,Featset1,Original,584
CD33_NM_001772.4_612,1.001899976348862,0.4955945758668927,0.5526875439774943,XGBoostRegressor,50,Featset1,Original,584
CD33_NM_001772.4_615,0.5653242849888491,0.4542410457910114,0.5526875439774943,XGBoostRegressor,50,Featset1,Original,584
CD33_NM_001772.4_703,0.6535837046398814,0.539166125824223,0.5526875439774943,XGBoostRegressor,50,Featset1,Original,584
CD33_NM_001772.4_853,0.679424257019847,0.4664462117664369,0.5526875439774943,XGBoostRegressor,50,Featset1,Original,584
CD33_NM_001772.4_856,0.9871669012913258,0.4592325494555372,0.5526875439774943,XGBoostRegressor,50,Featset1,Original,584
CD33_NM_001772.4_908,0.6652827651051514,0.547268108090814,0.5526875439774943,XGBoostRegressor,50,Featset1,Original,584
CD33_NM_001772.4_961,0.4158905903044033,0.5007503889951016,0.5526875439774943,XGBoostRegressor,50,Featset1,Original,584
CD33_NM_001772.4_962,0.6063900664824182,0.4870591216952058,0.5526875439774943,XGBoostRegressor,50,Featset1,Original,584
CD33_NM_001772.4_1036,0.1817238717722582,0.4617380255541178,0.5526875439774943,XGBoostRegressor,50,Featset1,Original,584
CD33_NM_001772.4_1056,0.3154911723457608,0.4366381516760035,0.5526875439774943,XGBoostRegressor,50,Featset1,Original,584
CD33_NM_001772.4_1059,0.751349714461228,0.45644094375078476,0.5526875439774943,XGBoostRegressor,50,Featset1,Original,584
CD33_NM_001772.4_1060,0.6091527639607595,0.4750761445823813,0.5526875439774943,XGBoostRegressor,50,Featset1,Original,584
CD33_NM_001772.4_1063,0.0805117941071093,0.4999748661977931,0.5526875439774943,XGBoostRegressor,50,Featset1,Original,584
CD33_NM_001772.4_1071,0.09803288598035,0.44793585850461526,0.5526875439774943,XGBoostRegressor,50,Featset1,Original,584
CD33_NM_001772.4_1090,0.8888657092934042,0.5750139981776587,0.5526875439774943,XGBoostRegressor,50,Featset1,Original,584
CD33_NM_001772.4_1092,0.6358187604386001,0.5387564797917442,0.5526875439774943,XGBoostRegressor,50,Featset1,Original,584
CD33_NM_001772.4_1116,0.2696597534776632,0.5311608106815657,0.5526875439774943,XGBoostRegressor,50,Featset1,Original,584
CD33_NM_001772.4_1200,0.1110982321197007,0.3958812759876413,0.5526875439774943,XGBoostRegressor,50,Featset1,Original,584
CD33_NM_001772.4_1202,0.2820923510361508,0.4198580595728305,0.5526875439774943,XGBoostRegressor,50,Featset1,Original,584
CD33_NM_001772.4_1225,0.2674744424142982,0.43383883483647795,0.5526875439774943,XGBoostRegressor,50,Featset1,Original,584
CD33_NM_001772.4_1227,0.2112364651459487,0.4342930592635133,0.5526875439774943,XGBoostRegressor,50,Featset1,Original,584
CD33_NM_001772.4_1228,0.1638259868598128,0.4251483020560969,0.5526875439774943,XGBoostRegressor,50,Featset1,Original,584
CD33_NM_001772.4_1232,0.1220406977081844,0.4103669265789677,0.5526875439774943,XGBoostRegressor,50,Featset1,Original,584
CD33_NM_001772.4_1234,0.1082327082832445,0.4102649533033704,0.5526875439774943,XGBoostRegressor,50,Featset1,Original,584
CD33_NM_001772.4_1235,0.1359927797529909,0.4046441760507863,0.5526875439774943,XGBoostRegressor,50,Featset1,Original,584
CD33_NM_001772.4_1236,0.3119617104669812,0.3926264744957076,0.5526875439774943,XGBoostRegressor,50,Featset1,Original,584
CD33_NM_001772.4_1244,0.0506030406336155,0.4175211031021466,0.5526875439774943,XGBoostRegressor,50,Featset1,Original,584
CD33_NM_001772.4_1245,0.0903470695760183,0.4044911216268902,0.5526875439774943,XGBoostRegressor,50,Featset1,Original,584
CD33_NM_001772.4_1248,0.1222506367255025,0.40624760675339683,0.5526875439774943,XGBoostRegressor,50,Featset1,Original,584
CD33_NM_001772.4_1249,0.1369511566914595,0.40658585678056053,0.5526875439774943,XGBoostRegressor,50,Featset1,Original,584
CD33_NM_001772.4_1267,0.2650838226418192,0.4022232669888464,0.5526875439774943,XGBoostRegressor,50,Featset1,Original,584
CD33_NM_001772.4_1268,0.8083174321630984,0.4028443821329728,0.5526875439774943,XGBoostRegressor,50,Featset1,Original,584
CD33_NM_001772.4_1269,0.145412221281605,0.41359690495896856,0.5526875439774943,XGBoostRegressor,50,Featset1,Original,584
CD33_NM_001772.4_1288,0.0722560971117317,0.42289431463812993,0.5526875439774943,XGBoostRegressor,50,Featset1,Original,584
CD33_NM_001772.4_1292,0.1486560297165094,0.41490730810405785,0.5526875439774943,XGBoostRegressor,50,Featset1,Original,584
CD33_NM_001772.4_1295,0.2568803446972121,0.3923174466818366,0.5526875439774943,XGBoostRegressor,50,Featset1,Original,584
CD33_NM_001772.4_1299,0.1528921787837449,0.40808307353241413,0.5526875439774943,XGBoostRegressor,50,Featset1,Original,584
CD33_NM_001772.4_1300,0.2590680816197077,0.41020295912226995,0.5526875439774943,XGBoostRegressor,50,Featset1,Original,584
CD33_NM_001772.4_1302,0.0615389321702818,0.4054491351701299,0.5526875439774943,XGBoostRegressor,50,Featset1,Original,584
CD33_NM_001772.4_1309,0.1410161118354132,0.4110904085614132,0.5526875439774943,XGBoostRegressor,50,Featset1,Original,584
CD33_NM_001772.4_1315,0.0840745391913935,0.4026401906037465,0.5526875439774943,XGBoostRegressor,50,Featset1,Original,584
CD33_NM_001772.4_1340,0.0816448088891295,0.46259182213656264,0.5526875439774943,XGBoostRegressor,50,Featset1,Original,584
CD33_NM_001772.4_1342,0.1455254935525228,0.45003299022991855,0.5526875439774943,XGBoostRegressor,50,Featset1,Original,584
CD33_NM_001772.4_1345,0.0302529020872745,0.47063710966509775,0.5526875439774943,XGBoostRegressor,50,Featset1,Original,584
CD33_NM_001772.4_1347,0.1116663555053938,0.4623972041059811,0.5526875439774943,XGBoostRegressor,50,Featset1,Original,584
CD33_NM_001772.4_1348,0.5749999176591853,0.47473652409544215,0.5526875439774943,XGBoostRegressor,50,Featset1,Original,584
CD33_NM_001772.4_1349,0.2372747849648072,0.4576454848773828,0.5526875439774943,XGBoostRegressor,50,Featset1,Original,584
CD33_NM_001772.4_1355,0.2342663903427095,0.44329684723563567,0.5526875439774943,XGBoostRegressor,50,Featset1,Original,584
CD33_NM_001772.4_1397,0.0481061671281841,0.39628881044286784,0.5526875439774943,XGBoostRegressor,50,Featset1,Original,584
CD33_NM_001772.4_1416,0.0599241854609377,0.4620011317152661,0.5526875439774943,XGBoostRegressor,50,Featset1,Original,584
CD33_NM_001772.4_1417,0.1551149215899976,0.45068865657392787,0.5526875439774943,XGBoostRegressor,50,Featset1,Original,584
CD33_NM_001772.4_1418,0.2454053903332245,0.4459310245604863,0.5526875439774943,XGBoostRegressor,50,Featset1,Original,584
CD33_NM_001772.4_1419,0.1316015674675502,0.4366143914129461,0.5526875439774943,XGBoostRegressor,50,Featset1,Original,584
CD33_NM_001772.4_131,0.2001007855594544,0.4562550067849511,0.532510651000964,XGBoostRegressor,50,Featset1,Original,112
CD33_NM_001772.4_205,0.28900032633263,0.48740796502958034,0.532510651000964,XGBoostRegressor,50,Featset1,Original,112
CD33_NM_001772.4_208,1.101992713629745,0.5558781473781349,0.532510651000964,XGBoostRegressor,50,Featset1,Original,112
CD33_NM_001772.4_209,0.7816256178592933,0.5189470385369137,0.532510651000964,XGBoostRegressor,50,Featset1,Original,112
CD33_NM_001772.4_217,1.0176052147689862,0.4877561734067456,0.532510651000964,XGBoostRegressor,50,Featset1,Original,112
CD33_NM_001772.4_218,1.0741426271370291,0.4877561734067456,0.532510651000964,XGBoostRegressor,50,Featset1,Original,112
CD33_NM_001772.4_269,0.5799273481640077,0.4512687190022841,0.532510651000964,XGBoostRegressor,50,Featset1,Original,112
CD33_NM_001772.4_324,0.3715942094333971,0.5571522819476337,0.532510651000964,XGBoostRegressor,50,Featset1,Original,112
CD33_NM_001772.4_376,0.793403818976969,0.41479157055069427,0.532510651000964,XGBoostRegressor,50,Featset1,Original,112
CD33_NM_001772.4_377,0.0825472263601109,0.4287786835477082,0.532510651000964,XGBoostRegressor,50,Featset1,Original,112
CD33_NM_001772.4_402,0.3309699463085385,0.4344522757198179,0.532510651000964,XGBoostRegressor,50,Featset1,Original,112
CD33_NM_001772.4_405,0.5691633586147018,0.4198697620447453,0.532510651000964,XGBoostRegressor,50,Featset1,Original,112
CD33_NM_001772.4_406,0.7190898834199679,0.3814082235832068,0.532510651000964,XGBoostRegressor,50,Featset1,Original,112
CD33_NM_001772.4_407,0.4250386980587612,0.40588264904773136,0.532510651000964,XGBoostRegressor,50,Featset1,Original,112
CD33_NM_001772.4_413,0.5430984046710963,0.4375187721875377,0.532510651000964,XGBoostRegressor,50,Featset1,Original,112
CD33_NM_001772.4_441,0.8977321111257561,0.3839605657527247,0.532510651000964,XGBoostRegressor,50,Featset1,Original,112
CD33_NM_001772.4_442,0.269249348909529,0.3839605657527247,0.532510651000964,XGBoostRegressor,50,Featset1,Original,112
CD33_NM_001772.4_452,1.0079103050038405,0.4724489346394478,0.532510651000964,XGBoostRegressor,50,Featset1,Original,112
CD33_NM_001772.4_508,0.8238791599259621,0.5284442758086739,0.532510651000964,XGBoostRegressor,50,Featset1,Original,112
CD33_NM_001772.4_509,0.47296104336451,0.4739612064571334,0.532510651000964,XGBoostRegressor,50,Featset1,Original,112
CD33_NM_001772.4_541,0.6997602061343999,0.5803101766844758,0.532510651000964,XGBoostRegressor,50,Featset1,Original,112
CD33_NM_001772.4_700,0.5806203765235016,0.550077050348326,0.532510651000964,XGBoostRegressor,50,Featset1,Original,112
CD33_NM_001772.4_703,0.6535837046398814,0.5732349450851681,0.532510651000964,XGBoostRegressor,50,Featset1,Original,112
CD33_NM_001772.4_843,0.4507838701571472,0.4415506551793158,0.532510651000964,XGBoostRegressor,50,Featset1,Original,112
CD33_NM_001772.4_849,0.1243331595197166,0.4415506551793158,0.532510651000964,XGBoostRegressor,50,Featset1,Original,112
CD33_NM_001772.4_902,0.9818222994812034,0.5690678305544968,0.532510651000964,XGBoostRegressor,50,Featset1,Original,112
CD33_NM_001772.4_962,0.6063900664824182,0.47549163607745065,0.532510651000964,XGBoostRegressor,50,Featset1,Original,112
CD33_NM_001772.4_969,0.1422596329861145,0.4284577932018228,0.532510651000964,XGBoostRegressor,50,Featset1,Original,112
CD33_NM_001772.4_971,0.6090294052954977,0.40529989846498077,0.532510651000964,XGBoostRegressor,50,Featset1,Original,112
CD33_NM_001772.4_1036,0.1817238717722582,0.46522584182313537,0.532510651000964,XGBoostRegressor,50,Featset1,Original,112
CD33_NM_001772.4_1061,0.6263195416605771,0.4154780522904206,0.532510651000964,XGBoostRegressor,50,Featset1,Original,112
CD33_NM_001772.4_1071,0.09803288598035,0.41879746480668717,0.532510651000964,XGBoostRegressor,50,Featset1,Original,112
CD33_NM_001772.4_1090,0.8888657092934042,0.6343461831214966,0.532510651000964,XGBoostRegressor,50,Featset1,Original,112
CD33_NM_001772.4_1094,0.8287904879333721,0.629474650160076,0.532510651000964,XGBoostRegressor,50,Featset1,Original,112
CD33_NM_001772.4_1095,0.7362013800724776,0.629474650160076,0.532510651000964,XGBoostRegressor,50,Featset1,Original,112
CD33_NM_001772.4_1116,0.2696597534776632,0.5669057296694857,0.532510651000964,XGBoostRegressor,50,Featset1,Original,112
CD33_NM_001772.4_1122,0.9911646460162928,0.6336465121068625,0.532510651000964,XGBoostRegressor,50,Featset1,Original,112
CD33_NM_001772.4_1169,0.4650524463893209,0.5784294177659035,0.532510651000964,XGBoostRegressor,50,Featset1,Original,112
CD33_NM_001772.4_1198,0.1879754897069364,0.4205397872906117,0.532510651000964,XGBoostRegressor,50,Featset1,Original,112
CD33_NM_001772.4_1204,0.4230453293505361,0.4386359470272627,0.532510651000964,XGBoostRegressor,50,Featset1,Original,112
CD33_NM_001772.4_1224,0.2919066891795149,0.41479157055069427,0.532510651000964,XGBoostRegressor,50,Featset1,Original,112
CD33_NM_001772.4_1226,0.0457084846965863,0.41479157055069427,0.532510651000964,XGBoostRegressor,50,Featset1,Original,112
CD33_NM_001772.4_1230,0.1504808051791626,0.37697644450027407,0.532510651000964,XGBoostRegressor,50,Featset1,Original,112
CD33_NM_001772.4_1235,0.1359927797529909,0.36860323875864726,0.532510651000964,XGBoostRegressor,50,Featset1,Original,112
CD33_NM_001772.4_1238,0.1134059607694089,0.36860323875864726,0.532510651000964,XGBoostRegressor,50,Featset1,Original,112
CD33_NM_001772.4_1239,0.0,0.36860323875864726,0.532510651000964,XGBoostRegressor,50,Featset1,Original,112
CD33_NM_001772.4_1249,0.1369511566914595,0.3732252702891616,0.532510651000964,XGBoostRegressor,50,Featset1,Original,112
CD33_NM_001772.4_1268,0.8083174321630984,0.3592060257351909,0.532510651000964,XGBoostRegressor,50,Featset1,Original,112
CD33_NM_001772.4_1286,0.109663395042315,0.42968165557756904,0.532510651000964,XGBoostRegressor,50,Featset1,Original,112
CD33_NM_001772.4_1287,0.1191240887575731,0.47435250197255335,0.532510651000964,XGBoostRegressor,50,Featset1,Original,112
CD33_NM_001772.4_1295,0.2568803446972121,0.4245269495330371,0.532510651000964,XGBoostRegressor,50,Featset1,Original,112
CD33_NM_001772.4_1297,0.0668668977778972,0.4245269495330371,0.532510651000964,XGBoostRegressor,50,Featset1,Original,112
CD33_NM_001772.4_1299,0.1528921787837449,0.3740834905529928,0.532510651000964,XGBoostRegressor,50,Featset1,Original,112
CD33_NM_001772.4_1302,0.0615389321702818,0.3740834905529928,0.532510651000964,XGBoostRegressor,50,Featset1,Original,112
CD33_NM_001772.4_1309,0.1410161118354132,0.40539310239242377,0.532510651000964,XGBoostRegressor,50,Featset1,Original,112
CD33_NM_001772.4_1310,0.0763893549604591,0.3644108078484558,0.532510651000964,XGBoostRegressor,50,Featset1,Original,112
CD33_NM_001772.4_1315,0.0840745391913935,0.3339721800237918,0.532510651000964,XGBoostRegressor,50,Featset1,Original,112
CD33_NM_001772.4_1339,0.4834909248688341,0.4381875989997401,0.532510651000964,XGBoostRegressor,50,Featset1,Original,112
CD33_NM_001772.4_1340,0.0816448088891295,0.4381875989997401,0.532510651000964,XGBoostRegressor,50,Featset1,Original,112
CD33_NM_001772.4_1341,0.1582753835005934,0.4381875989997401,0.532510651000964,XGBoostRegressor,50,Featset1,Original,112
CD33_NM_001772.4_1344,0.0733856595858671,0.4613454937365822,0.532510651000964,XGBoostRegressor,50,Featset1,Original,112
CD33_NM_001772.4_1354,0.0428327408384395,0.45647396077516156,0.532510651000964,XGBoostRegressor,50,Featset1,Original,112
CD33_NM_001772.4_1356,0.2529066333043833,0.45647396077516156,0.532510651000964,XGBoostRegressor,50,Featset1,Original,112
CD33_NM_001772.4_1415,0.0847351396523201,0.42741071577271517,0.532510651000964,XGBoostRegressor,50,Featset1,Original,112
CD33_NM_001772.4_1416,0.0599241854609377,0.42741071577271517,0.532510651000964,XGBoostRegressor,50,Featset1,Original,112
CD33_NM_001772.4_1417,0.1551149215899976,0.42741071577271517,0.532510651000964,XGBoostRegressor,50,Featset1,Original,112
CD33_NM_001772.4_1421,0.626045182542512,0.3755448148969133,0.532510651000964,XGBoostRegressor,50,Featset1,Original,112
CD33_NM_001772.4_208,1.101992713629745,0.44180604301138954,0.5081429300236261,XGBoostRegressor,50,Featset1,Original,754
CD33_NM_001772.4_216,1.104724368544788,0.8947743971025858,0.5081429300236261,XGBoostRegressor,50,Featset1,Original,754
CD33_NM_001772.4_217,1.0176052147689862,0.761478840718303,0.5081429300236261,XGBoostRegressor,50,Featset1,Original,754
CD33_NM_001772.4_218,1.0741426271370291,0.6707189151634613,0.5081429300236261,XGBoostRegressor,50,Featset1,Original,754
CD33_NM_001772.4_257,0.10300800289175,0.5212463176475439,0.5081429300236261,XGBoostRegressor,50,Featset1,Original,754
CD33_NM_001772.4_258,0.0855392002724688,0.5653589110677729,0.5081429300236261,XGBoostRegressor,50,Featset1,Original,754
CD33_NM_001772.4_262,0.3012403854408151,0.3694268265111386,0.5081429300236261,XGBoostRegressor,50,Featset1,Original,754
CD33_NM_001772.4_267,0.5667141881187301,0.36781544449221415,0.5081429300236261,XGBoostRegressor,50,Featset1,Original,754
CD33_NM_001772.4_268,0.6583997693901764,0.3615586697476449,0.5081429300236261,XGBoostRegressor,50,Featset1,Original,754
CD33_NM_001772.4_325,0.850872525651126,0.7542185995109516,0.5081429300236261,XGBoostRegressor,50,Featset1,Original,754
CD33_NM_001772.4_376,0.793403818976969,0.24006077129713202,0.5081429300236261,XGBoostRegressor,50,Featset1,Original,754
CD33_NM_001772.4_382,0.2976307142355531,0.28960933734504885,0.5081429300236261,XGBoostRegressor,50,Featset1,Original,754
CD33_NM_001772.4_401,0.1388179985713601,0.5186979999408305,0.5081429300236261,XGBoostRegressor,50,Featset1,Original,754
CD33_NM_001772.4_402,0.3309699463085385,0.5468243062854639,0.5081429300236261,XGBoostRegressor,50,Featset1,Original,754
CD33_NM_001772.4_407,0.4250386980587612,0.5998807738945137,0.5081429300236261,XGBoostRegressor,50,Featset1,Original,754
CD33_NM_001772.4_449,0.342952151114346,0.6508165804014266,0.5081429300236261,XGBoostRegressor,50,Featset1,Original,754
CD33_NM_001772.4_453,0.2664003316696924,0.6881921227175615,0.5081429300236261,XGBoostRegressor,50,Featset1,Original,754
CD33_NM_001772.4_507,0.1943288632000246,0.553837357384603,0.5081429300236261,XGBoostRegressor,50,Featset1,Original,754
CD33_NM_001772.4_509,0.47296104336451,0.4191673347652319,0.5081429300236261,XGBoostRegressor,50,Featset1,Original,754
CD33_NM_001772.4_538,0.8829922576113727,0.6756440554261585,0.5081429300236261,XGBoostRegressor,50,Featset1,Original,754
CD33_NM_001772.4_615,0.5653242849888491,0.43344899138730036,0.5081429300236261,XGBoostRegressor,50,Featset1,Original,754
CD33_NM_001772.4_668,0.4950649679892414,0.31835241765792943,0.5081429300236261,XGBoostRegressor,50,Featset1,Original,754
CD33_NM_001772.4_853,0.679424257019847,0.18429863097949786,0.5081429300236261,XGBoostRegressor,50,Featset1,Original,754
CD33_NM_001772.4_854,0.914554304343058,0.22075024850962682,0.5081429300236261,XGBoostRegressor,50,Featset1,Original,754
CD33_NM_001772.4_856,0.9871669012913258,0.21216177827898788,0.5081429300236261,XGBoostRegressor,50,Featset1,Original,754
CD33_NM_001772.4_892,0.682840692741016,0.6009113737526166,0.5081429300236261,XGBoostRegressor,50,Featset1,Original,754
CD33_NM_001772.4_969,0.1422596329861145,0.43808270865171667,0.5081429300236261,XGBoostRegressor,50,Featset1,Original,754
CD33_NM_001772.4_1059,0.751349714461228,0.18665391555283586,0.5081429300236261,XGBoostRegressor,50,Featset1,Original,754
CD33_NM_001772.4_1060,0.6091527639607595,0.24153284109296871,0.5081429300236261,XGBoostRegressor,50,Featset1,Original,754
CD33_NM_001772.4_1069,0.339711068137288,0.11537185724600828,0.5081429300236261,XGBoostRegressor,50,Featset1,Original,754
CD33_NM_001772.4_1070,0.0793453148666703,0.11333500111008686,0.5081429300236261,XGBoostRegressor,50,Featset1,Original,754
CD33_NM_001772.4_1072,0.3112751571165079,0.23714704087316563,0.5081429300236261,XGBoostRegressor,50,Featset1,Original,754
CD33_NM_001772.4_1092,0.6358187604386001,0.8124374577215557,0.5081429300236261,XGBoostRegressor,50,Featset1,Original,754
CD33_NM_001772.4_1098,1.1130814825491548,0.8163684497968714,0.5081429300236261,XGBoostRegressor,50,Featset1,Original,754
CD33_NM_001772.4_1126,0.5503603742051888,0.6665688242258633,0.5081429300236261,XGBoostRegressor,50,Featset1,Original,754
CD33_NM_001772.4_1198,0.1879754897069364,0.16065629358269423,0.5081429300236261,XGBoostRegressor,50,Featset1,Original,754
CD33_NM_001772.4_1204,0.4230453293505361,0.3760780642134653,0.5081429300236261,XGBoostRegressor,50,Featset1,Original,754
CD33_NM_001772.4_1228,0.1638259868598128,0.1363920380728266,0.5081429300236261,XGBoostRegressor,50,Featset1,Original,754
CD33_NM_001772.4_1229,0.277066205540823,0.16249915209950416,0.5081429300236261,XGBoostRegressor,50,Featset1,Original,754
CD33_NM_001772.4_1230,0.1504808051791626,0.15772379123330357,0.5081429300236261,XGBoostRegressor,50,Featset1,Original,754
CD33_NM_001772.4_1232,0.1220406977081844,0.13383605981939412,0.5081429300236261,XGBoostRegressor,50,Featset1,Original,754
CD33_NM_001772.4_1234,0.1082327082832445,0.13960957794205014,0.5081429300236261,XGBoostRegressor,50,Featset1,Original,754
CD33_NM_001772.4_1239,0.0,0.1270907094286189,0.5081429300236261,XGBoostRegressor,50,Featset1,Original,754
CD33_NM_001772.4_1240,0.0893901009525862,0.12463413606272973,0.5081429300236261,XGBoostRegressor,50,Featset1,Original,754
CD33_NM_001772.4_1244,0.0506030406336155,0.1515711328069746,0.5081429300236261,XGBoostRegressor,50,Featset1,Original,754
CD33_NM_001772.4_1245,0.0903470695760183,0.1251757560110301,0.5081429300236261,XGBoostRegressor,50,Featset1,Original,754
CD33_NM_001772.4_1246,0.0160847540447047,0.11964376264942213,0.5081429300236261,XGBoostRegressor,50,Featset1,Original,754
CD33_NM_001772.4_1268,0.8083174321630984,0.08154701733640318,0.5081429300236261,XGBoostRegressor,50,Featset1,Original,754
CD33_NM_001772.4_1286,0.109663395042315,0.2613545247634961,0.5081429300236261,XGBoostRegressor,50,Featset1,Original,754
CD33_NM_001772.4_1287,0.1191240887575731,0.2771736156469538,0.5081429300236261,XGBoostRegressor,50,Featset1,Original,754
CD33_NM_001772.4_1289,0.0605241052611938,0.25270559736000114,0.5081429300236261,XGBoostRegressor,50,Featset1,Original,754
CD33_NM_001772.4_1291,0.2357716037041677,0.24455485772241983,0.5081429300236261,XGBoostRegressor,50,Featset1,Original,754
CD33_NM_001772.4_1295,0.2568803446972121,0.14438786145547294,0.5081429300236261,XGBoostRegressor,50,Featset1,Original,754
CD33_NM_001772.4_1297,0.0668668977778972,0.10803027622044586,0.5081429300236261,XGBoostRegressor,50,Featset1,Original,754
CD33_NM_001772.4_1301,0.1353335117164193,0.1501293575617832,0.5081429300236261,XGBoostRegressor,50,Featset1,Original,754
CD33_NM_001772.4_1303,0.0429543333936887,0.09668184109696937,0.5081429300236261,XGBoostRegressor,50,Featset1,Original,754
CD33_NM_001772.4_1308,0.0984376437302756,0.10440609547321401,0.5081429300236261,XGBoostRegressor,50,Featset1,Original,754
CD33_NM_001772.4_1310,0.0763893549604591,0.09119730621713149,0.5081429300236261,XGBoostRegressor,50,Featset1,Original,754
CD33_NM_001772.4_1315,0.0840745391913935,0.12796957723889427,0.5081429300236261,XGBoostRegressor,50,Featset1,Original,754
CD33_NM_001772.4_1342,0.1455254935525228,0.3699992987326672,0.5081429300236261,XGBoostRegressor,50,Featset1,Original,754
CD33_NM_001772.4_1345,0.0302529020872745,0.4355551007432817,0.5081429300236261,XGBoostRegressor,50,Featset1,Original,754
CD33_NM_001772.4_1347,0.1116663555053938,0.43146999324752183,0.5081429300236261,XGBoostRegressor,50,Featset1,Original,754
CD33_NM_001772.4_1353,0.0812350460884455,0.17916912387496844,0.5081429300236261,XGBoostRegressor,50,Featset1,Original,754
CD33_NM_001772.4_1357,0.1153213609657062,0.1319113323640308,0.5081429300236261,XGBoostRegressor,50,Featset1,Original,754
CD33_NM_001772.4_1416,0.0599241854609377,0.4078033263902486,0.5081429300236261,XGBoostRegressor,50,Featset1,Original,754
CD33_NM_001772.4_1417,0.1551149215899976,0.41360082378067586,0.5081429300236261,XGBoostRegressor,50,Featset1,Original,754
CD33_NM_001772.4_1419,0.1316015674675502,0.39399089348109045,0.5081429300236261,XGBoostRegressor,50,Featset1,Original,754
CD33_NM_001772.4_130,0.0553639777265487,0.43936890405120776,0.4393125198245178,XGBoostRegressor,50,Featset1,Original,636
CD33_NM_001772.4_131,0.2001007855594544,0.48728727974461883,0.4393125198245178,XGBoostRegressor,50,Featset1,Original,636
CD33_NM_001772.4_207,0.8156353284185096,0.3868662561061322,0.4393125198245178,XGBoostRegressor,50,Featset1,Original,636
CD33_NM_001772.4_208,1.101992713629745,0.4063200326592658,0.4393125198245178,XGBoostRegressor,50,Featset1,Original,636
CD33_NM_001772.4_257,0.10300800289175,0.5401774497534377,0.4393125198245178,XGBoostRegressor,50,Featset1,Original,636
CD33_NM_001772.4_261,0.2509044446167877,0.5172060954549536,0.4393125198245178,XGBoostRegressor,50,Featset1,Original,636
CD33_NM_001772.4_267,0.5667141881187301,0.40684835264523317,0.4393125198245178,XGBoostRegressor,50,Featset1,Original,636
CD33_NM_001772.4_270,0.5668966460919787,0.3983820116754408,0.4393125198245178,XGBoostRegressor,50,Featset1,Original,636
CD33_NM_001772.4_325,0.850872525651126,0.6568310238462367,0.4393125198245178,XGBoostRegressor,50,Featset1,Original,636
CD33_NM_001772.4_375,0.5933147651631947,0.2972264722835541,0.4393125198245178,XGBoostRegressor,50,Featset1,Original,636
CD33_NM_001772.4_376,0.793403818976969,0.31644482576914895,0.4393125198245178,XGBoostRegressor,50,Featset1,Original,636
CD33_NM_001772.4_377,0.0825472263601109,0.34830506839257613,0.4393125198245178,XGBoostRegressor,50,Featset1,Original,636
CD33_NM_001772.4_378,0.0296308776467462,0.33412959151425947,0.4393125198245178,XGBoostRegressor,50,Featset1,Original,636
CD33_NM_001772.4_404,0.5206976999715314,0.4045167823451265,0.4393125198245178,XGBoostRegressor,50,Featset1,Original,636
CD33_NM_001772.4_405,0.5691633586147018,0.3875026723183122,0.4393125198245178,XGBoostRegressor,50,Featset1,Original,636
CD33_NM_001772.4_408,0.4152710679009341,0.4319780323198492,0.4393125198245178,XGBoostRegressor,50,Featset1,Original,636
CD33_NM_001772.4_412,0.251332179778546,0.44039954450448593,0.4393125198245178,XGBoostRegressor,50,Featset1,Original,636
CD33_NM_001772.4_612,1.001899976348862,0.5103703128597573,0.4393125198245178,XGBoostRegressor,50,Featset1,Original,636
CD33_NM_001772.4_649,0.8646422003356216,0.6875989631055704,0.4393125198245178,XGBoostRegressor,50,Featset1,Original,636
CD33_NM_001772.4_668,0.4950649679892414,0.49002933535639803,0.4393125198245178,XGBoostRegressor,50,Featset1,Original,636
CD33_NM_001772.4_703,0.6535837046398814,0.6144069966367228,0.4393125198245178,XGBoostRegressor,50,Featset1,Original,636
CD33_NM_001772.4_774,0.6726803877097869,0.4024549124722933,0.4393125198245178,XGBoostRegressor,50,Featset1,Original,636
CD33_NM_001772.4_854,0.914554304343058,0.4266956307263192,0.4393125198245178,XGBoostRegressor,50,Featset1,Original,636
CD33_NM_001772.4_971,0.6090294052954977,0.3497968830560701,0.4393125198245178,XGBoostRegressor,50,Featset1,Original,636
CD33_NM_001772.4_1060,0.6091527639607595,0.4837479521490515,0.4393125198245178,XGBoostRegressor,50,Featset1,Original,636
CD33_NM_001772.4_1061,0.6263195416605771,0.49734373097291557,0.4393125198245178,XGBoostRegressor,50,Featset1,Original,636
CD33_NM_001772.4_1062,0.0643746943931165,0.4495294107657262,0.4393125198245178,XGBoostRegressor,50,Featset1,Original,636
CD33_NM_001772.4_1070,0.0793453148666703,0.2767863097251649,0.4393125198245178,XGBoostRegressor,50,Featset1,Original,636
CD33_NM_001772.4_1092,0.6358187604386001,0.5567485439494901,0.4393125198245178,XGBoostRegressor,50,Featset1,Original,636
CD33_NM_001772.4_1094,0.8287904879333721,0.5292968471500509,0.4393125198245178,XGBoostRegressor,50,Featset1,Original,636
CD33_NM_001772.4_1095,0.7362013800724776,0.561992553096073,0.4393125198245178,XGBoostRegressor,50,Featset1,Original,636
CD33_NM_001772.4_1123,0.0951495251336486,0.7667693134336359,0.4393125198245178,XGBoostRegressor,50,Featset1,Original,636
CD33_NM_001772.4_1126,0.5503603742051888,0.6722210070833893,0.4393125198245178,XGBoostRegressor,50,Featset1,Original,636
CD33_NM_001772.4_1169,0.4650524463893209,0.4565422171046142,0.4393125198245178,XGBoostRegressor,50,Featset1,Original,636
CD33_NM_001772.4_1170,0.7210792882332397,0.5171775062796776,0.4393125198245178,XGBoostRegressor,50,Featset1,Original,636
CD33_NM_001772.4_1198,0.1879754897069364,0.2900118037760773,0.4393125198245178,XGBoostRegressor,50,Featset1,Original,636
CD33_NM_001772.4_1199,0.0642549951983411,0.29026874871188607,0.4393125198245178,XGBoostRegressor,50,Featset1,Original,636
CD33_NM_001772.4_1204,0.4230453293505361,0.37619174865800753,0.4393125198245178,XGBoostRegressor,50,Featset1,Original,636
CD33_NM_001772.4_1226,0.0457084846965863,0.38311799185235046,0.4393125198245178,XGBoostRegressor,50,Featset1,Original,636
CD33_NM_001772.4_1230,0.1504808051791626,0.2244373283018174,0.4393125198245178,XGBoostRegressor,50,Featset1,Original,636
CD33_NM_001772.4_1231,0.086884091553434,0.22013882093082565,0.4393125198245178,XGBoostRegressor,50,Featset1,Original,636
CD33_NM_001772.4_1235,0.1359927797529909,0.2942283539062966,0.4393125198245178,XGBoostRegressor,50,Featset1,Original,636
CD33_NM_001772.4_1237,0.3666139557397229,0.23799033470451536,0.4393125198245178,XGBoostRegressor,50,Featset1,Original,636
CD33_NM_001772.4_1239,0.0,0.24528579411766593,0.4393125198245178,XGBoostRegressor,50,Featset1,Original,636
CD33_NM_001772.4_1241,0.1045573740016243,0.2776720918627921,0.4393125198245178,XGBoostRegressor,50,Featset1,Original,636
CD33_NM_001772.4_1242,0.0420475257530714,0.3085070197773709,0.4393125198245178,XGBoostRegressor,50,Featset1,Original,636
CD33_NM_001772.4_1244,0.0506030406336155,0.24725183384651855,0.4393125198245178,XGBoostRegressor,50,Featset1,Original,636
CD33_NM_001772.4_1245,0.0903470695760183,0.23327557846260935,0.4393125198245178,XGBoostRegressor,50,Featset1,Original,636
CD33_NM_001772.4_1268,0.8083174321630984,0.2095733178037455,0.4393125198245178,XGBoostRegressor,50,Featset1,Original,636
CD33_NM_001772.4_1287,0.1191240887575731,0.3721870992126667,0.4393125198245178,XGBoostRegressor,50,Featset1,Original,636
CD33_NM_001772.4_1288,0.0722560971117317,0.33484642161550954,0.4393125198245178,XGBoostRegressor,50,Featset1,Original,636
CD33_NM_001772.4_1289,0.0605241052611938,0.32397738467182186,0.4393125198245178,XGBoostRegressor,50,Featset1,Original,636
CD33_NM_001772.4_1297,0.0668668977778972,0.2685958367818305,0.4393125198245178,XGBoostRegressor,50,Featset1,Original,636
CD33_NM_001772.4_1301,0.1353335117164193,0.32160503811223967,0.4393125198245178,XGBoostRegressor,50,Featset1,Original,636
CD33_NM_001772.4_1303,0.0429543333936887,0.30194488311438195,0.4393125198245178,XGBoostRegressor,50,Featset1,Original,636
CD33_NM_001772.4_1304,0.091507030548025,0.31331886404371684,0.4393125198245178,XGBoostRegressor,50,Featset1,Original,636
CD33_NM_001772.4_1309,0.1410161118354132,0.2991413216413912,0.4393125198245178,XGBoostRegressor,50,Featset1,Original,636
CD33_NM_001772.4_1310,0.0763893549604591,0.27971005204661553,0.4393125198245178,XGBoostRegressor,50,Featset1,Original,636
CD33_NM_001772.4_1341,0.1582753835005934,0.3448259883868439,0.4393125198245178,XGBoostRegressor,50,Featset1,Original,636
CD33_NM_001772.4_1342,0.1455254935525228,0.36608738269354707,0.4393125198245178,XGBoostRegressor,50,Featset1,Original,636
CD33_NM_001772.4_1348,0.5749999176591853,0.3741583938618233,0.4393125198245178,XGBoostRegressor,50,Featset1,Original,636
CD33_NM_001772.4_1354,0.0428327408384395,0.4028254092655368,0.4393125198245178,XGBoostRegressor,50,Featset1,Original,636
CD33_NM_001772.4_1356,0.2529066333043833,0.3718936009323129,0.4393125198245178,XGBoostRegressor,50,Featset1,Original,636
CD33_NM_001772.4_1397,0.0481061671281841,0.3158966132103936,0.4393125198245178,XGBoostRegressor,50,Featset1,Original,636
CD33_NM_001772.4_1416,0.0599241854609377,0.41818379386818855,0.4393125198245178,XGBoostRegressor,50,Featset1,Original,636
CD33_NM_001772.4_1419,0.1316015674675502,0.34093608050436697,0.4393125198245178,XGBoostRegressor,50,Featset1,Original,636
CD33_NM_001772.4_1421,0.626045182542512,0.34341689810361253,0.4393125198245178,XGBoostRegressor,50,Featset1,Original,636
CD33_NM_001772.4_158,0.1528771581737751,0.41507824416245426,0.563819759154528,XGBoostRegressor,50,Featset1,Original,720
CD33_NM_001772.4_205,0.28900032633263,0.3742237791208843,0.563819759154528,XGBoostRegressor,50,Featset1,Original,720
CD33_NM_001772.4_207,0.8156353284185096,0.3849424298379479,0.563819759154528,XGBoostRegressor,50,Featset1,Original,720
CD33_NM_001772.4_209,0.7816256178592933,0.36284244028519547,0.563819759154528,XGBoostRegressor,50,Featset1,Original,720
CD33_NM_001772.4_216,1.104724368544788,0.6859077921264725,0.563819759154528,XGBoostRegressor,50,Featset1,Original,720
CD33_NM_001772.4_217,1.0176052147689862,0.6296143769466072,0.563819759154528,XGBoostRegressor,50,Featset1,Original,720
CD33_NM_001772.4_257,0.10300800289175,0.49051373686217153,0.563819759154528,XGBoostRegressor,50,Featset1,Original,720
CD33_NM_001772.4_258,0.0855392002724688,0.48475317952447666,0.563819759154528,XGBoostRegressor,50,Featset1,Original,720
CD33_NM_001772.4_262,0.3012403854408151,0.36439363645693507,0.563819759154528,XGBoostRegressor,50,Featset1,Original,720
CD33_NM_001772.4_269,0.5799273481640077,0.35596611798004996,0.563819759154528,XGBoostRegressor,50,Featset1,Original,720
CD33_NM_001772.4_270,0.5668966460919787,0.3557997096130638,0.563819759154528,XGBoostRegressor,50,Featset1,Original,720
CD33_NM_001772.4_324,0.3715942094333971,0.5774744047084747,0.563819759154528,XGBoostRegressor,50,Featset1,Original,720
CD33_NM_001772.4_379,0.2083079878923905,0.4077856530276861,0.563819759154528,XGBoostRegressor,50,Featset1,Original,720
CD33_NM_001772.4_381,0.3603032995657897,0.3846735880140444,0.563819759154528,XGBoostRegressor,50,Featset1,Original,720
CD33_NM_001772.4_405,0.5691633586147018,0.4480124575289658,0.563819759154528,XGBoostRegressor,50,Featset1,Original,720
CD33_NM_001772.4_406,0.7190898834199679,0.436543644241415,0.563819759154528,XGBoostRegressor,50,Featset1,Original,720
CD33_NM_001772.4_408,0.4152710679009341,0.4374694231758894,0.563819759154528,XGBoostRegressor,50,Featset1,Original,720
CD33_NM_001772.4_410,0.2403975709724879,0.4620385273383053,0.563819759154528,XGBoostRegressor,50,Featset1,Original,720
CD33_NM_001772.4_412,0.251332179778546,0.4707844992402737,0.563819759154528,XGBoostRegressor,50,Featset1,Original,720
CD33_NM_001772.4_538,0.8829922576113727,0.6055660642948633,0.563819759154528,XGBoostRegressor,50,Featset1,Original,720
CD33_NM_001772.4_615,0.5653242849888491,0.4668695539773748,0.563819759154528,XGBoostRegressor,50,Featset1,Original,720
CD33_NM_001772.4_703,0.6535837046398814,0.6538031370238109,0.563819759154528,XGBoostRegressor,50,Featset1,Original,720
CD33_NM_001772.4_848,0.3287483210658169,0.3654693320099218,0.563819759154528,XGBoostRegressor,50,Featset1,Original,720
CD33_NM_001772.4_853,0.679424257019847,0.3512020117369874,0.563819759154528,XGBoostRegressor,50,Featset1,Original,720
CD33_NM_001772.4_857,0.3538566125339397,0.3262121034647594,0.563819759154528,XGBoostRegressor,50,Featset1,Original,720
CD33_NM_001772.4_908,0.6652827651051514,0.5448587861888304,0.563819759154528,XGBoostRegressor,50,Featset1,Original,720
CD33_NM_001772.4_1035,0.3345990048540437,0.4265295400453273,0.563819759154528,XGBoostRegressor,50,Featset1,Original,720
CD33_NM_001772.4_1036,0.1817238717722582,0.3822949198036567,0.563819759154528,XGBoostRegressor,50,Featset1,Original,720
CD33_NM_001772.4_1059,0.751349714461228,0.39603360679369437,0.563819759154528,XGBoostRegressor,50,Featset1,Original,720
CD33_NM_001772.4_1060,0.6091527639607595,0.43132138090981115,0.563819759154528,XGBoostRegressor,50,Featset1,Original,720
CD33_NM_001772.4_1062,0.0643746943931165,0.5049807590708826,0.563819759154528,XGBoostRegressor,50,Featset1,Original,720
CD33_NM_001772.4_1069,0.339711068137288,0.3254533453953308,0.563819759154528,XGBoostRegressor,50,Featset1,Original,720
CD33_NM_001772.4_1070,0.0793453148666703,0.34157485375032015,0.563819759154528,XGBoostRegressor,50,Featset1,Original,720
CD33_NM_001772.4_1071,0.09803288598035,0.36801359345323553,0.563819759154528,XGBoostRegressor,50,Featset1,Original,720
CD33_NM_001772.4_1095,0.7362013800724776,0.6626160407069079,0.563819759154528,XGBoostRegressor,50,Featset1,Original,720
CD33_NM_001772.4_1104,0.4596049623227996,0.5452414272564382,0.563819759154528,XGBoostRegressor,50,Featset1,Original,720
CD33_NM_001772.4_1116,0.2696597534776632,0.530324492860897,0.563819759154528,XGBoostRegressor,50,Featset1,Original,720
CD33_NM_001772.4_1123,0.0951495251336486,0.6540884349607656,0.563819759154528,XGBoostRegressor,50,Featset1,Original,720
CD33_NM_001772.4_1126,0.5503603742051888,0.6015991467778992,0.563819759154528,XGBoostRegressor,50,Featset1,Original,720
CD33_NM_001772.4_1169,0.4650524463893209,0.5492810283281933,0.563819759154528,XGBoostRegressor,50,Featset1,Original,720
CD33_NM_001772.4_1200,0.1110982321197007,0.2420829210018048,0.563819759154528,XGBoostRegressor,50,Featset1,Original,720
CD33_NM_001772.4_1202,0.2820923510361508,0.29999861018915536,0.563819759154528,XGBoostRegressor,50,Featset1,Original,720
CD33_NM_001772.4_1204,0.4230453293505361,0.4290433771352744,0.563819759154528,XGBoostRegressor,50,Featset1,Original,720
CD33_NM_001772.4_1226,0.0457084846965863,0.34948482003035236,0.563819759154528,XGBoostRegressor,50,Featset1,Original,720
CD33_NM_001772.4_1228,0.1638259868598128,0.30370034835656917,0.563819759154528,XGBoostRegressor,50,Featset1,Original,720
CD33_NM_001772.4_1232,0.1220406977081844,0.2477425488268844,0.563819759154528,XGBoostRegressor,50,Featset1,Original,720
CD33_NM_001772.4_1234,0.1082327082832445,0.23787552133980172,0.563819759154528,XGBoostRegressor,50,Featset1,Original,720
CD33_NM_001772.4_1236,0.3119617104669812,0.24274468263208065,0.563819759154528,XGBoostRegressor,50,Featset1,Original,720
CD33_NM_001772.4_1240,0.0893901009525862,0.25491955234318625,0.563819759154528,XGBoostRegressor,50,Featset1,Original,720
CD33_NM_001772.4_1242,0.0420475257530714,0.24472186624340359,0.563819759154528,XGBoostRegressor,50,Featset1,Original,720
CD33_NM_001772.4_1244,0.0506030406336155,0.23306631591005517,0.563819759154528,XGBoostRegressor,50,Featset1,Original,720
CD33_NM_001772.4_1250,0.1218349071708003,0.2576576157630833,0.563819759154528,XGBoostRegressor,50,Featset1,Original,720
CD33_NM_001772.4_1284,0.0573358046264512,0.34304895430603854,0.563819759154528,XGBoostRegressor,50,Featset1,Original,720
CD33_NM_001772.4_1288,0.0722560971117317,0.33498220166477477,0.563819759154528,XGBoostRegressor,50,Featset1,Original,720
CD33_NM_001772.4_1291,0.2357716037041677,0.3370928588580989,0.563819759154528,XGBoostRegressor,50,Featset1,Original,720
CD33_NM_001772.4_1298,0.0370340772685471,0.21401283925999165,0.563819759154528,XGBoostRegressor,50,Featset1,Original,720
CD33_NM_001772.4_1303,0.0429543333936887,0.25122118865008347,0.563819759154528,XGBoostRegressor,50,Featset1,Original,720
CD33_NM_001772.4_1304,0.091507030548025,0.26810520802600385,0.563819759154528,XGBoostRegressor,50,Featset1,Original,720
CD33_NM_001772.4_1310,0.0763893549604591,0.2234126662873091,0.563819759154528,XGBoostRegressor,50,Featset1,Original,720
CD33_NM_001772.4_1339,0.4834909248688341,0.3205176636152303,0.563819759154528,XGBoostRegressor,50,Featset1,Original,720
CD33_NM_001772.4_1355,0.2342663903427095,0.2860982915563624,0.563819759154528,XGBoostRegressor,50,Featset1,Original,720
CD33_NM_001772.4_1356,0.2529066333043833,0.2851058945263207,0.563819759154528,XGBoostRegressor,50,Featset1,Original,720
CD33_NM_001772.4_1397,0.0481061671281841,0.3271736743457167,0.563819759154528,XGBoostRegressor,50,Featset1,Original,720
CD33_NM_001772.4_1415,0.0847351396523201,0.41466684522827757,0.563819759154528,XGBoostRegressor,50,Featset1,Original,720
CD33_NM_001772.4_1418,0.2454053903332245,0.4235130141581808,0.563819759154528,XGBoostRegressor,50,Featset1,Original,720
CD33_NM_001772.4_1419,0.1316015674675502,0.3943377152596542,0.563819759154528,XGBoostRegressor,50,Featset1,Original,720
CD33_NM_001772.4_1421,0.626045182542512,0.38694758517680583,0.563819759154528,XGBoostRegressor,50,Featset1,Original,720
